Категория,Количество_проданных_товаров,Количество_уникальных_товаров,Средняя_цена,Медианная_цена,Общая_сумма,Процент от оборота,Список_товаров
Мешки,"2 244 462,00","21,00","159,98","122,83","207 519 615,69","32,17%","Мешок А, Мешок Б, Мешок В, Мешок Г, Мешок Д, Мешок Е, Мешочек, Пыльник В, Рюкзак-мешок А, Рюкзак-мешок Б, Рюкзак-мешок В, Рюкзак-мешок Г, Рюкзак-мешок Д, Рюкзак-мешок Е, Рюкзак-мешок Ж, Рюкзак-мешок З, Рюкзак-мешок И, Рюкзак-мешок Й, Рюкзак-мешок гпб А, Рюкзак-мешок гпб Б, Рюкзак-мешок гпб В"
Фарфор,"137 905,00","95,00","1 069,13","820,16","68 201 304,83","10,57%","Блюдо Farforite «Рябиновые бусы» белое / красное, Блюдо без бортов 27см с деколью ""Хозяин леса"", Блюдце белье, Блюдце для прямой чайной пары ""Сплетено"", фарфор, 15 см, белый, зеленый, золото, Блюдце для чашки, фарфор, ""Снегири"" ПСБ,15 см, Блюдце с деколью, Блюдце с дизайном, 1 макет, Блюдце-поднос для чашки, фарфор, ""Сказочный город"" РСХБ, 30х13 см, Блюдце-поднос для чашки, фарфор, ""Цветочная геометрия, зеленый"" РСХБ, 30х13 см, Блюдце-поднос для чашки, фарфор, ""Цветочная геометрия, фиолетовый"" РСХБ, 30х13 см, Большое блюдо 27 см, белье, Ваза с дизайном ""Вкусо и точка"", 1 макет, Деколь на блюдце А, Деколь на блюдце Б, Деколь на большое блюдо 27 см, Деколь на десертное блюдо 20см, Деколь на елочные шары, Деколь на марку, 2 макет А, Деколь на марку, 2 макет Б, Деколь на марку, макет 1, Деколь на мультивазу ""Хэдхантер"", универсальный подарок 2024, Деколь на полусферу, Деколь на прямую чашку, Деколь на фарфоровую кружку, Деколь на чайник, Деколь на чашку, Десертное блюдо 20 см, белье, Диффузор ""Blue Garden. Белый дизайн"" / колба, Диффузор ""Botanicum. Маки"" / конус, Диффузор ""Botanicum. Рододендрон"" / конус, Диффузор ""Yin Flower"" / конус, Диффузор ""Стрела афродиты"" / колба, Диффузор колба белье, Диффузор конус / белье, Диффузор с дизайном, Елочное крепление, 10мм, Елочный шар, Елочный шар с серебрянным креплением, 3 макета, Емкость для хранения с деколью, Емкость для хранения с дизайном ХХ, Игрушка марка, белье,фарфор А, Игрушка марка, белье,фарфор Б, Кисточка с петелькой 4см для елочных игрушек ""Ярмарка.Карусель"", Кольцо с дизайном ХХ, Кофейная пара с деколью, Крепление елочное, внутренний диаметр 22мм, золотой А, Крепление елочное, внутренний диаметр 22мм, золотой Б, Мультиваза ""К. Овчинников. Лемуры"", Мультиваза ""Русалка"", Мультиваза ""Сердце Зевса"", Мультиваза ""Стрела Афродиты"", Мультиваза белая / белье А, Мультиваза белая / белье Б, Мультивиза «Хэдхантер»,универсальный подарок 2024, Полусфера, белье, Прямая чайная пара с деколью ""Хозяин леса"", Прямая чашка с деколью, Стаканчик ""Blue Garden. Белый дизайн"", 120 мл, Стаканчик ""Blue Garden. Голубой дизайн"", 120 мл, Стаканчик ""Амазония. Попугай с какао-бобами"", Стаканчик ""Амазония. Попугай с лилией"", 120 мл, Стаканчик для свечки, Стаканчик с дизайном, Тара для аромасвечей, Тарелка с бортами с дизайном ХХ, Фарфоровая игрушка, белье, Чайная пара ""Blue Garden. Белый дизайн"" / прямая форма / 250 мл, Чайная пара ""Blue Garden. Голубой дизайн"" / прямая форма / 250 мл, Чайная пара ""Blue Garden. Розовый дизайн"" / прямая форма / 250 мл, Чайная пара ""Botanicum. Ирисы."" / прямая форма / 250 мл, Чайная пара ""Botanicum. Маки."" / прямая форма / 250 мл, Чайная пара ""Yin Flower"" / прямая форма / 250 мл, Чайная пара ""Амазония. Лилия с какао-бобами"" / прямая форма / 250 мл, Чайная пара ""Амазония. Попугай с какао-бобами"" / прямая форма / 250 мл, Чайная пара ""Иллюзии. Чашка, блюдце с узором / прямая форма / 250 мл, Чайная пара ""Спортсмены. Хоккеист"" / прямая форма / 250 мл, Чайная пара / прямая форма / 250 мл, Чайная пара Farforite «Рябиновые бусы» 250 мл белая / красная, Чайная пара на ножке ""Каток на Красной площади"", фарфор, 250мл, золото Б, Чайная пара на ножке ""Каток на Красной площади"", фарфор, 250мл, золото В, Чайная пара на ножке ""Каток на Красной площади"", фарфор, 250мл, золото Г, Чайная пара с деколью, Чайная пара. 200 мл, Чайник с деколью ""Хозяин леса"" Б, Чайник, белье, Чайник, фарфор, ""Сказочный город"" РСХБ, 800 мл, Чайник, фарфор, ""Цветочная геометрия, зеленый"" РСХБ, 800 мл, Чашка белье, Чашка для прямой чайной пары ""Сплетено"", 250 мл, фарфор, белый, зеленый, золото, Чашка с дизайном, 4 макета, Чашка чайная, фарфор, ""Сказочный город"" РСХБ, 250 мл, Чашка чайная, фарфор, ""Снегири"" ПСБ, 250 мл., Чашка чайная, фарфор, ""Цветочная геометрия, зеленый"" РСХБ, 250 мл, Чашка чайная, фарфор, ""Цветочная геометрия, фиолетовый"" РСХБ, 250 мл, Шар елочный с креплением"
Зарядные устройства,"16 674,00","26,00","2 505,59","1 874,88","35 234 091,93","5,46%","03919 магнитная беспроводная зарядка, 03926 прозрачный портативный аккумулятор, Powerbank с символикой Яндекс Реклама А, Powerbank с символикой Яндекс Реклама Б, Powerbank с символикой Яндекс Реклама В, Аккумулятор GNB 2300 mAh 4s XT60, Аккумулятор GNB LiHV 4500 mAh 6s XT60, Аккумулятор к очкам GNB 2300 mAh 4s XT60, Беспроводная зарядка, ЗАРЯДНЫЕ УСТРОЙСТВА ДЛЯ АККУМУЛЯТОРНЫХ БАТАРЕЙ В КОРПУСЕ ИЗ ПОЛИМЕРНОГО МАТЕРИАЛА СЕРИЯ ""SYSMAX INDUSTRY CO.,LTD"" , ИЗГ: SYSMAX INDUSTRY CO.,LTD, TM: НЕ ОБОЗНАЧЕН,, Зарядное устройство 10000mAh. Вид 2 А, Зарядное устройство 10000mAh. Вид 2 Б, Зарядное устройство 10000mAh. Вид 2 В, Зарядное устройство 10000mAh. Вид 2 Г, Зарядное устройство 10000mAh. Вид 2 Д, Зарядное устройство 10000mAh. Вид 2 Е, Зарядное устройство ToolkitRC M6DAC, Зарядное устройство Б, Зарядное устройство В, ПЗУ HIGHWAY, ПЗУ c LED логотипом, Пауэрбанк А, Пауэрбанк Б, Пауэрбанк В, Пауэрбанк Г, Портативное зарядное устройство"
Наборы,"9 919,00","20,00","5 140,57","5 459,25","34 897 930,02","5,41%","03729 Набор баночек с щепой, ВИП боксы, Комплект мц А, Комплект мц Б, Набор 1, Набор 1 с символикой Яндекс GO, Яндекс ПРО, Яндекс Go для бизнеса (Подставка под ноутбук, Картхолдер, Набор 2, Набор 2 с символикой Яндекс GO, Яндекс ПРО, Яндекс Go для бизнеса (Несессер, Портмоне, Новогодняя иг, Набор 3 с символикой Яндекс GO, Яндекс ПРО, Яндекс Go для бизнеса (Доска разделочная, Электрическая, Набор 4 с символикой Яндекс GO, Яндекс ПРО, Яндекс Go для бизнеса (Караоке с 2 микрофонами, Гирлянда, Набор 5 с символикой Яндекс GO, Яндекс ПРО, Яндекс Go для бизнеса (Мультизарядка, Плед флис, Коробка, Набор 6 с символикой Яндекс GO, Яндекс ПРО, Яндекс Go для бизнеса (Зонт, Плед туристический, Коробка, Набор для путешествий, Набор резинок БЯ А, Набор резинок БЯ Б, Набор стандарт 1, Набор стандарт 2 (кожа), Подарочный набор для партнеров с символикой Yandex Ads А, Подарочный набор для партнеров с символикой Yandex Ads Б, Подарочный набор для партнеров с символикой Yandex Ads В"
Рюкзаки,"12 359,00","14,00","2 778,48","2 480,00","32 790 854,73","5,08%","Дутый рюкзак Б, Дутый рюкзак Г, Рюкзак ""Palitra"", жаккард, черный-фиолетовый, 40х30х12 см Б, Рюкзак ""Palitra"", жаккард, черный-фиолетовый, 40х30х12 см В, Рюкзак ""Palitra"", жаккард, черный-фиолетовый, 40х30х12 см Г, Рюкзак ""Palitra"", жаккард, черный-фиолетовый, 40х30х12 см Д, Рюкзак А, Рюкзак ВК с Джибитсами А, Рюкзак ВК с Джибитсами Б, Рюкзак градиент Б, Рюкзак дутый А, Рюкзак дутый Б, Рюкзак дутый, черный (В), Рюкзак черный"
Платки,"104 900,00","7,00","249,31","249,70","17 933 990,00","2,78%","Бандана, Платок Орлята России А, Платок Орлята России Б, Платок Орлята России В, Платок с логотипом А, Платок с логотипом Б, Платок с логотипом В"
Очки умные,"1 706,00","1,00","6 781,13","6 781,13","11 568 611,00","1,79%",Очки Hakii Wind II Б
Бейджи и ланъярды,"58 517,00","33,00","367,75","300,00","10 821 112,46","1,68%","03894 Кармашек для пропуска, 04365 Ланъярд с кармашком и ретрактором, Бейдж с ланърдом и ретрактором с макетом ОЗК Трейдинг, Бейдж с ланъярдом и ретрактором с макетом ОЗК, Держатель для бейджа, черный, 24х16 мм, Карман для бейджа А, Карман для бейджа Б, Кармашек для пропуска с лентой и ретрактором, Ланъярд А, Ланъярд Б, Ланъярд В, Ланъярд Д, Ланъярд с кармашком и ретрактором А, Ланъярд с кармашком и ретрактором Б, Ланъярд с символикой Яндекс А, Ланъярд с символикой Яндекс Реклама А, Ланъярд с символикой Яндекс Реклама Б, Ланъярд с символикой Яндекс Реклама В, Ланъярд узкий, Ланъярд узкий с карабином, Ланъярд широкий зеленый, Ланъярд широкий черный, Ланъярды А, Ланъярды В, Ланьярд, Ланьярд с бейджем, ПВХ бейдж, Подвес на ланъярд, Ретрактор ПВХ, Ретрактор металлический черный, Шнурок, Шнурок для телефона с ПВХ шильдом, Шнурок на шею с брелоком, с ПВХ подвесом, с вставкой под чехол, в пакете с символикой Яндекс GO"
Бутылки,"19 278,00","21,00","747,33","718,20","10 649 924,39","1,65%","Бутылка 500 мл Б, Бутылка 500 мл В, Бутылка 500 мл Г, Бутылка 500 мл Д, Бутылка А, Бутылка Б, Бутылка В, Бутылка для воды, Бутылка плоская прозрачная с нанесением, Бутылка плоская прозрачная с нанесением 1+4, Бутылка с пульверизатором, Бутылка со стропой А, Бутылка со стропой Б, Бутылка спортивная А, Бутылка спортивная Б, Дорожный набор бутылочек, Силиконовая бутылочка 60 мл., цвет белый, Силиконовая бутылочка 60 мл., цвет оранжевый, Силиконовая бутылочка 60 мл., цвет серый, Силиконовая бутылочка 60 мл., цвет синий, Термобутылка Soft Touch покрытие черная"
Канцелярия,"96 428,00","20,00","345,50","138,67","10 331 353,93","1,60%","02090 кисточка 04, 03633 калькулятор инженерный, 03810 кисточка 0, 03896 щеточка, Вымпел, Доска, Календарь, Мини-мольберты, Набор маркеров А, Набор маркеров Б, Пенал с наполнением А, Пенал с наполнением Б, Планшет, Подставка для визиток, Светильник, Сувенирная продукция книга настольный светильник, Тетрадь, Флаг, Фломастер стирающийся, калькулятор с планшетом для письма"
Фотоаппараты,"168,00","10,00","852 576,83","10 947,51","9 563 723,54","1,48%","Бумага для фотопринтера Xiaomi Mi Portable Photo Printer 50 листов А, Бумага для фотопринтера Xiaomi Mi Portable Photo Printer 50 листов Б, Бумага для фотопринтера Xiaomi Mi Portable Photo Printer 50 листов В, Производство бумаги для фотопринтера Xiaomi Mi Portable Photo Printer 50 листов А, Производство бумаги для фотопринтера Xiaomi Mi Portable Photo Printer 50 листов Б, Производство фотопринтеров Xiaomi Mi Portable Photo Printer А, Производство фотопринтеров Xiaomi Mi Portable Photo Printer Б, Фотопринтер Xiaomi Mi Portable Photo Printer А, Фотопринтер Xiaomi Mi Portable Photo Printer Б, Фотопринтер Xiaomi Mi Portable Photo Printer В"
Картхолдеры,"41 479,00","13,00","390,01","264,70","9 352 159,00","1,45%","Картхолдер А, Картхолдер В, Картхолдер Г, Картхолдер Д, Картхолдер Е, Картхолдер Ж, Картхолдер ЦМРБанк (серый) В, Картхолдер для телефона синий, Картхолдер для телефона черный, Картхолдер металлический черный, Картхолдер на магните, Картхолдер синий, Ключница"
Дроны,"6 840,00","69,00","4 505,70","399,09","8 816 154,61","1,37%","1-канальный модуль реле 3.3 вольта 1 Channel Relay Module High and low Level Trigger 3.3v, АКБ GNB LiHV 7500 mAh 6s XT90 А, АКБ GNB LiHV 7500 mAh 6s XT90 Б, АКБ к аппаратуре samsung INR18650-35E, Антенна Foxeer lollipop 4+ sma 10cm, Антенна Foxeer lollipop 4+ sma angle 15cm, Антенна направленная 5.8 GHz Triple Feed Patch 8dBi, Аппаратура управления Radiomaster TX12 MKII ExpressLRS, Армированный скотч 30мм*10м, Ацетатная изолента 15мм*30м, Видеоочки SKYZONE SKY04L, Видеопередатчик 1,2 ГГц А, Видеопередатчик 1,2 ГГц Б, Видеопередатчик SpeedyBee VTX 5.8 GHz, Видеоприемник 1,2 ГГц, Винт M3*25, Винт м3*10,м3*8, м3*6 класс прочности 10.9 или 12.9, 12.10, Винт м3*14,м3*35 класс прочности 10.9 или 12.9, Внешний приемник FPV SKYDROID Mini 5.8G FPV Receiver, Вычислительный модуль Orange Pi 5, 4GB RAM, RK3588S, Гайка м3 со стопорным кольцом, Зажигалка бутановая турбо, Кабель питания паяльника XT60 – DC 5.5 2.5, Камера ночная RunCam Night Eagle 3, Камера универсальная Caddx Ratel Night Version, Камера универсальная Foxeer Cat 3 micro, Карта захвата аналогового видео USB Analog Video Capture Card, Квадрокоптер с цифровым видеопередатчиком Axisflying KOLAS7 ELRS 915 MHz with Walksnail Avatar HD Pr, Кейс для инструмента, Кнопочный выключатель KCD1-101 21*15mm, Кнопочный микропереключатель JL003, Коннектор питания XT60E-M, Куллер 2507 12 вольт, Кусачки, Макетная плата 60*80мм, Мачта телескопическая 8м, Микроконтроллер Arduino nano v3, Мотор AxisFlying AE3115 640kv, Мотор AxisFlying AE3115 900kv, Нейлоновые стяжки 4*300, ПК + Регулятор оборотов SpeedyBee F4 V3 F405 V3 and ESC 50A BLS 30x30 А, ПК + Регулятор оборотов SpeedyBee F4 V3 F405 V3 and ESC 50A BLS 30x30 Б, Паяльник SH72 with BC2 tip, Передатчик ELRS HappyModel es900tx, Подставка для паяльника металлическая с губкой, Понижающий преобразователь напряжения BEC 5V 5A 2s-7s, Преобразователь напряжения Matek MBEC 12s, Приемник ELRS 2,4 ГГц, Приемник ELRS HappyModel es900rx, Провод AWG 10 красный, черный, Пропеллеры Gemfan Tri-Blade 1050-3 (1 CCV + 1 CV), Пропеллеры HQProp Bi-Blade 10*4.5(CCW,CW), Пропеллеры HQProp Bi-Blade 12*4.5(CCW,CW), Радиатор 20*20*10мм, Радиатор-корпус для вычислительного модуля Orange Pi 5, Разъем MPX, Разъём питания XT90-M А, Разъём питания XT90-M Б, Рама Axisflying Manta 10"" lite, Ремешок для аккумулятора 20*300мм А, Ремешок для аккумулятора 20*300мм Б, Ремешок для батарей 20*300мм, Сд карта SanDisk Extreme microSDXC U3 64GB, Сервопривод MG90S 180 degree metall gears, Стойки м3*25, м3*30, Удлинитель 6с провод 6s LIPO Balance Extension Cable 30cm, Универсальный ключ ФПВ крестообразный ключ с головками M3 M5 и hex отвертками 1,5мм  2мм, Флюс RMA-218, Цифровой видеоприемник Walksnail Avatar VRX"
Образцы,"935,00","767,00","10 042,05","7 240,00","8 561 065,27","1,33%","02487 портативный мини вентилятор А, 02494 Кепка образец, 03725 Образец горелки, 03726 Образец окуривателя, 03812 Образец ежедневника -красный, 04422 образец кофейной чашки с деколью, 04423 образец тарелки с бортами 27 см с деколью, 04424 образец кофейного блюдца с деколью, 04543 Декоративная свеча-образец, 3Д макет монетницы, 3д календарь, Flippo flip образец, USB-вентилятор, Ёлочная игрушка «бант» фарфор, красный, 9.4*10.4см, Ёлочная игрушка «варежка» фарфор, красный, 9.4*10.4см, Ёлочная игрушка «носок» фарфор, красный, 9.4*10.4см, Ёлочная игрушка «подарок» фарфор, красный, 9.4*10.4см, Адаптер, Адаптер USB TYPE-C А, Акриловые бусины с буквами, Аромадиффузор ""Новая геометрия"", фарфор, 200 мл, Аромадиффузор ""Русалка"", фарфор, 200 мл, Банерная ткань с символикой Ultima цифровой печатью, Банерная ткань с символикой Ultima шелкографией, Барная ложка А, Бизи борд, Бирка, Бирка - некхенгер, Бирка для гирлянды с символикой Яндекс А, Бита h1,5*25, Бита h2*25, Блюдо ""Золотая чешуя"", фарфор, 22,8 см, золото с желтым, Блюдо ""Солнечный круг"", фарфор, 27 см, красный, коричневый, золотой, Блюдо без бортов ""Гордиев узел"", фарфор, 27 см, дизайн золото, Блюдо без бортов ""Гордиев узел"", фарфор, 27 см, дизайн красный с золотом, Блюдо белье, Блюдо десертное ""Солнечный круг"", 19см, фарфор, красный, коричневый, золотой, Блюдо фигурное вытянутое ""Каток на Красной площади"", фарфор, 30,5 см, золото и красный, Бокал, золотой, стекло (5см*2,5см-горлышко), Бокал-образец, Браслет Морзе, Брелок - открывашка, Брелок А, Брелок В, Брелок Д, Брелок Е, Брелок Ж, Брелок З, Брелок акриловый А, Брелок из акрила VK+место встречи, Брелок план Б А, Брелок плетенный, Брелок плетенный с пвх навесом, Брелок с жаккардовой биркой А, Брелок с поворотным элементом - круглый, Брелок с поворотным элементом - прямоугольный, Брелок с шильдом А, Брелок с шильдом Б, Брелок с шильдом синий А, Брелок с шильдом фиолетовый-зеленый, Бутылка 480 мл, Бутылка 500 мл А, Бутылка 900 мл, Бутылка с чехлом, Ваза - перевертыш для цветов, фарфор, 28 х 15 см, белая, Ваза «Перо Жар-Птицы», фарфор, 22 см, красный, золото, Ваза в стакане, стекло, синий, 80 х 80 мм, Ваза из хрусталя 140 х 140 х 125 мм, Вакуумный пакет, Вечный карандаш - образец, Воронка для кофе, фарфор, диаметр 10 см, белая, Головоломка Змейка А, Графин со стаканом зеленый,стекло,1000 мл, Графин со стаканом прозрачный,стекло,1000 мл, Двухцветный шоппер альтернатива, Держатель акриловый, Детский фотоаппарат мгновенной печати, Джибитс с батарейкой, Джиггер А, Диффузор-колба ""Пиксели"", фарфор, 9 см, серый, золото, Диффузор-колба «Пиксели», фарфор, 9 см, голубой, золото, Диффузор-полусфера ""Золотые змеи"", фарфор, диаметр 13 см, золотое глянцевое и матовое, Диффузор-полусфера ""Нить Ариадны"", фарфор, диаметр 13 см, белый, золото, Диффузор-полусфера, стекло, синий, 130 х 65 мм, Дождевик А, Дождевик Б, Дождевик В, Доска для сыра ""Орнамент"", фарфор, 36х18х1 см, Дутый пуллер, Дутый рюкзак А, Дутый рюкзак В, Дутый чехол для ноутбука А, Дутый шоппер, Ежедневник А, Ежедневник Б, Ежедневник В, Ежедневник Е, Елка-менажница, фарфор, 19,8 см, белая, золото, Елочная звезда, фарфор, белая, Елочная звезда, фарфор, красная, Елочная звезда, фарфор, синяя, Елочная игрушка - лошадка ""Солнечный круг"", фарфор, 9,8 х 9,2 красный, бордовый, золото, Елочная игрушка в форме колокольчика ""Buffet"", фарфор, 8 см А, Елочная игрушка в форме колокольчика ""Buffet"", фарфор, 8 см Б, Елочная игрушка геометрическая ""Buffet"", фарфор, 8 см, Елочная игрушка прорезная музыка ""Гитара"", фарфор, 9 см, белая с золотом А, Елочная игрушка прорезная музыка ""Гитара"", фарфор, 9 см, белая с золотом Б, Елочная игрушка прорезная музыка ""Рояль"", фарфор 6,5 см, белая с золотом А, Елочная игрушка прорезная музыка ""Рояль"", фарфор 6,5 см, белая с золотом Б, Елочная игрушка прорезная музыка ""Скрипичный ключ"", фарфор, 6,5 см, белая с золотом А, Елочная игрушка прорезная музыка ""Скрипичный ключ"", фарфор, 6,5 см, белая с золотом Б, Елочная игрушка прорезная музыка ""Скрипка"", фарфор, 9 см, белая с золотом А, Елочная игрушка прорезная музыка ""Скрипка"", фарфор, 9 см, белая с золотом Б, Елочная игрушка прорезная театр ""Балерина"", фарфор, 9 см, белая с золотом А, Елочная игрушка прорезная театр ""Балерина"", фарфор, 9 см, белая с золотом Б, Елочная игрушка прорезная театр ""Бинокль"", фарфор, 5,5 см, белая с золотом А, Елочная игрушка прорезная театр ""Бинокль"", фарфор, 5,5 см, белая с золотом Б, Елочная игрушка прорезная театр ""Лебедь"", фарфор, 7 см, белая с золотом А, Елочная игрушка прорезная театр ""Лебедь"", фарфор, 7 см, белая с золотом Б, Елочная игрушка, 8х6. 9х1,8 см, Емкость для свечи большая ""Змеи"", фарфор, 20 х 5 см, Емкость для свечи малая ""Змеи"", фарфор, 15 х 5 см, Емкость для свечи малая ""Солнечный круг"", фарфор, 15 х 5 см, красный, бордовый, золото, Емкость для фруктов, стекло, 30 х 17 см, оранжево-синяя, Емкость для хранения ""Бабочки"", фарфор, 8,5×9 см, белый, синий,золото, Емкость для хранения ""Гордиев узел"", фарфор, 10х13 см, дизайн красный с золотом, Емкость для хранения ""Нить Ариадны"", фарфор, 8,5×9 см, белый, золото, Емкость для хранения ""Новая геометрия"", фарфор, 8,5×9 см, Емкость для хранения ""Пиксели"", фарфор, 8,5 х 9 см, серый, золотой, Емкость для хранения ""Русалка"", фарфор, 8,5×9 см, Емкость для хранения «Месяц и Жар-Птица», фарфор, 8,5 х 9 см, красный, золото, Емкость для хранения «Пиксели», фарфор, 8,5 х 9 см, голубой, золото, Емкость для хранения «Солнечный круг», фарфор, 8,5 х 9 см, красный, бордовый, золото, Емкость для хранения на ножке ""Каток на Красной площади"", фарфор, 10 х 13 см, золото, Емкость для хранения с заостренным навершием ""Змеи"", фарфор, 9х17 см, Емкость для хранения с круглым навершием ""Buffet"", фарфор, 13 х 9,5 см, Емкость для хранения с круглым навершием ""Бабочки"", фарфор, 13 х 9,5 см, белый,синий,золото, Емкость для хранения с навершием ""Белка"", фарфор, Емкость для хранения с навершием ""Медведь"", фарфор, Емкость для хранения с навершием ""Сова"", фарфор, Емкость с крышкой, форма на ножке, фарфор, 10 х 13 см, белая (образец), Емкость с крышкой, форма с круглым навершием, фарфор, 13 х 9,5 см, белая (образец), Желтый шоппер, Зарядная станция с прозрачным корпусом, Зарядное устройство А, Игрушка елочная ""Хрустальный шар"", стекло, 8 см, прозрачная, Игрушка елочная «Два снеговика», нержавеющая сталь, 7 см, золотая, Игрушка елочная «Елочка с оленями», нержавеющая сталь, 6 см, золотая, Игрушка елочная «Елочка», нержавеющая сталь, 7,5 см, золотая, Игрушка елочная «Елочная игрушка», нержавеющая сталь, 7 см, золотая, Игрушка елочная «Колокольчики», нержавеющая сталь, 6,7 см, золотая, Игрушка елочная «Коньки», нержавеющая сталь, 7,7 см, золотая, Игрушка елочная «Новая геометрия», дизайн 1,2,3 фарфор, 6 см, белая, глянцевая, Игрушка елочная «Олень с подарками», нержавеющая сталь, 5,5 см, золотая, Игрушка елочная «Снеговик с метлой», нержавеющая сталь, 7,6 см, золотая, Игрушка елочная «Снежинка», нержавеющая сталь, 5,4 см, золотая, Игрушка елочная «Хрустальная звезда», форма 1, стекло, 7 см, прозрачная, Игрушка елочная «Хрустальная звезда», форма 2, стекло, 7 см, прозрачная, Игрушка елочная «Хрустальная снежинка», стекло, 7 см, прозрачная, Игрушка елочная с подвесом «Варежка», нержавеющая сталь, 9,6 см, золотая, Игрушка елочная с подвесом «Елочка», нержавеющая сталь, 10,5 см, золотая, Игрушка елочная с подвесом «Звезда», нержавеющая сталь, 10 см, золотая, Игрушка елочная форма 1, стекло, 14 см, прозрачная с жемчужным покрытием, Игрушка елочная форма 2, стекло, 15 см, прозрачная с жемчужным покрытием, Игрушка елочная форма 3, стекло, 15 см, прозрачная с жемчужным покрытием, Игрушка елочная форма конус, дизайн «Звезды», стекло, 10 х 5,5 см, прозрачная, Игрушка елочная форма конус, дизайн «Линии», стекло, 10 х 5,5 см, прозрачная, Игрушка елочная форма конус, дизайн «Шары», стекло, 10 х 5,5 см, прозрачная, Игрушка с символикой Delivery, Игрушка с символикой Ultima, Игрушка с символикой Янго, Игрушка с символикой Яндекс Еда, Капор-капюшон ""Liquid Metall"", термопластичный полиуретан, черный, 24х74 см, Капюшон, Карабин В, Карабины, Карточная игра с символикой Яндекс А, Картхолдер Б, Картхолдер ЦМРБанк (с синим карманом) А, Картхолдер ЦМРБанк (с синим карманом) Б, Картхолдер ЦМРБанк (серый) А, Картхолдер ЦМРБанк (серый) Б, Картхолдер черный, Каска, Каска полупрозрачная с лого, Кепка Б, Кепка В, Кобура, Консоль игровая, Конфетница-шар, большая, стекло, 24,5 х 15,5 см, прозрачная А, Конфетница-шар, большая, стекло, 24,5 х 15,5 см, прозрачная Б, Конфетница-шар, большая, стекло, 26 х 12 см, серая, Конфетница-шар, малая, стекло, 13,5 х 9,5 см, прозрачная А, Конфетница-шар, малая, стекло, 13,5 х 9,5 см, прозрачная Б, Конфетница-шар, малая, стекло, 22 х 9 см, серая А, Конфетница-шар, малая, стекло, 22 х 9 см, серая Б, Копилка-головоломка, Коробочка, Косметичка, Косметичка ""Palitra"", жаккард, серый-красный, 10х10х20 см, Косметичка ""Palitra"", жаккард, серый-лайм, 10х10х20 см, Косметичка ""Palitra"", жаккард, серый-синий, 10х10х20 см, Косметичка ""Palitra"", жаккард, синий-оранжевый, 10х10х20 см, Косметичка ""Palitra"", жаккард, черный-синий, 10х10х20 см А, Косметичка ""Palitra"", жаккард, черный-синий, 10х10х20 см Б, Косметичка ""Palitra"", жаккард, черный-фиолетовый, 10х10х20 см А, Косметичка ""Palitra"", жаккард, черный-фиолетовый-оранжевый, 10х10х20 см, Косметичка Teddy, искусственный мех, длинный ворс, 20х11х11 см, бордо, Косметичка Teddy, искусственный мех, длинный ворс, 20х11х11 см, молочная, Косметичка Teddy, искусственный мех, длинный ворс, 20х11х11 см, салатовая, Косметичка Teddy, искусственный мех, длинный ворс, 20х11х11 см, серо-бежевая, Косметичка Teddy, искусственный мех, длинный ворс, 20х11х11 см, темно-синяя, Косметичка бордовая А, Косметичка кремовая, Косметичка несессер Teddy, искусственный мех, длинный ворс, 10,5х13х7 см, молочная, Косметичка с ручкой - образец, Косметичка-несессер Teddy, искусственный мех, длинный ворс, 10,5 x 13 x 7 см, молочный цвет-образец, Кофейная пара ""Золотая чешуя"", фарфор, 100 мл, золото с черным, Кофейный стаканчик ""Buffet"", фарфор, 200 мл, Кофемолка электрическая, Кофер в фабричной коробке, Кофер с коробкой, Кроксы образец А, Кроксы образец Б, Кроксы образец В, Кросс-боди А, Кросс-боди Б, Кроссовки, Кружка ""Белочка"", стекло. желтый, 90 х 75 мм, Кружка ""Орнамент"", фарфор, 12х9х10 см, Кружка А, Лампа, Ланъярд Г, Ланъярд с символикой Яндекс Б, Ланъярд-образец (объёмные буквы) с замком, Ланъярд-образец 1 комплекта (2 шт) ( с замком и без замка), Ланъярд-образец шелкография без замка, Ланъярды Б, Макет картхолдера, Массажер для глаз, Массажер перкуссионный А, Массажные очки, Машинка-игрушка, Мелки восковые, Мелочница с загнутыми углами ""Новая геометрия"", фарфор, 18 х 13 х 2,5 см, белая, Мелочница с загнутыми углами ""Пиксели"", фарфор, 18 х 13 х 2,5 см, серый, Мелочница с загнутыми углами «Пиксели», фарфор, 18 х 13 х 2,5 см, голубой , золото, Мелочница с загнутыми углами, фарфор, 18 х 13 х 2,5 см, белая, Мелочница с прямыми углами ""Змеи"", фарфор, 20,5х17 см, Металлический значок с подложкой А, Металлический значок с подложкой Б, Мешок для обуви взрослый, Мини-пылесос настольный на батарейках, Музыкальная лампа А, Мультиваза ""Бабочки"", фарфор, 22 см, белый, синий,золотой, Набор детской силиконовой посуды, Набор для обучения речи, Набор для чистки гаджетов Б, Набор значков с символикой Яндекс Финтех Б, Набор из проводов AWG 26 (5 катушек по 10 метров), Набор инструментов А, Надувная упаковка с карманом, Надувная упаковка с клапаном, Наклейка, Наушники, Наушники детские, Наушники детские Стич, Несессер, Несессер ""Liquid Metall"", термопластичный полиуретан, красный, 20х14х3 см, Несессер ""Liquid Metall"", термопластичный полиуретан, синий, 20х14х3 см, Несессер ""Liquid Metall"", термопластичный полиуретан, черный, 20х14х3 см, Носки БК, Ночник, Обвесы акриловые, Ободки голубого цвета с печатью в 1 цвет по образцу А, Ободки голубого цвета с печатью в 1 цвет по образцу Б, Образец - Кружка хамелеон - черная, Образец - верблюд S А, Образец - верблюд S Б, Образец - верблюд S В, Образец - кружка-хамелеон, Образец - машинка инерционная, Образец USB-вентилятор, Образец USB-удлинитель-банан, Образец Брелок светоотражающий ЦОДД, Образец Водонепроницаемая Bluetooth колонка M65, Образец ПЗУ А, Образец ПЗУ Б, Образец акрилового подвеса А, Образец акрилового подвеса Б, Образец акрилового подвеса В, Образец антистресс, Образец баскетбольный мяч, Образец бейд-холдер, Образец беспроводного ПЗУ, Образец беспроводной зарядки А, Образец беспроводной зарядки Б, Образец бирки, Образец блокнота, Образец блюдца с деколью, Образец блюдца с дизайном, Образец блюдца, 4 дизайна, Образец бочки-копилки А, Образец бочки-копилки Б, Образец браслета, Образец брелка А, Образец брелка Б, Образец брелка В, Образец брелка Г, Образец брелка Д, Образец брелка с карабином, Образец брелока BetaLife, Образец брелока А, Образец брелока Б, Образец брелока носорога Шедеврума, Образец броши, Образец бутылка с магнитным держателем, Образец бутылка с отсеком для мелочи, Образец бутылки А, Образец бутылки Б, Образец бутылки В, Образец бутылки Г, Образец бутылки Д, Образец бутылки Е, Образец бутылки Ж, Образец бутылки металлической, Образец бутылки с градиентом, Образец бутылки тритан, Образец вазы, Образец вкладышей под чехол, Образец гирлянда А, Образец гирлянда Б, Образец держателя для проводов, Образец детский зонт, Образец диско-шара 360, Образец диффузора с дизайном, Образец дождевик 1, Образец дождевик 2, Образец ежедневника, Образец елка с подсветкой,фарфор,18*10,3*19.5см, Образец елочной игрушки, Образец елочной игрушки Марка, Образец емкости для хранения с деколью, Образец защипки для провода, Образец звезда,фарфор,21,2*11*20см, Образец значка А, Образец значка Б, Образец зонт трость - черный, Образец зонт трость- белый, Образец зонт-трость, Образец зонта, Образец капучинатора с насадками, чёрный, Образец карабина А, Образец карабина Б, Образец карабина В, Образец карабина Г, Образец карабина Д, Образец карабина Е, Образец карабина Ж, Образец карандаша, Образец кармана для бейджа А, Образец кармана для бейджа Б, Образец кармана для бейджа В, Образец кармана для бейджа Г, Образец кармана для бейджа Д, Образец кармана из ренейлона, Образец картхолдера А, Образец картхолдера Б, Образец картхолдера кож зам, Образец качества баскетбольный мяч, Образец качества на набор: 2 ракетки, 3 мяча и сумка, Образец качества проектора, Образец качества скакалка, Образец качества снежного шара, Образец кейкапов, Образец кепки А, Образец кепки Б, Образец кепки В, Образец кепки Г, Образец кожи, Образец колонка, Образец кольца для салфетки, Образец кольца с деколью ХХ, Образец конструктура Лемана ПРО, Образец коробки, Образец коробов для курьеров Лавки с символикой Яндекс, Образец косметички А, Образец косметички Б, Образец косой чашки с деколью,1 макет, Образец косой чашки с деколью,2 макет, Образец косой чашки с деколью,3 макет А, Образец косой чашки с деколью,3 макет Б, Образец костера в 4 дизайнах, Образец кофейной пары, Образец кружки, Образец куба-головоломки, чёрно-белый, Образец ланчбокса, Образец лента красная, Образец марки 2 дизайн, Образец маски охлаждающей, Образец метеостанции, Образец мини-пылесос настольный, Образец набор (2шторки + подложка), Образец набор шторка+салфетка+щёточка+ пакет, Образец набора джибитсов с символикой Яндекс, Образец наручных часов, Образец наушники, Образец несессер Teddy, Образец новогодний с подсветкой,фарфор,16,6*6,6*15,5см, Образец новой формы диффузора, 2 форма, Образец новой формы диффузора,1 форма, Образец органайзера для проводов, Образец орех с подсветкой,фарфор,10,5*13,2см, Образец открывашки, Образец паракорд, Образец перчатки, Образец перчаток, Образец плед, Образец плед МТС с ПВХ биркой, Образец повербанка, серый, Образец повербанка, черный, Образец подставки для значков А, Образец подставки для значков Б, Образец подставки для ноутбука, Образец подушка надувная, Образец попсокета, Образец портмоне, Образец поясная сумка Teddy, Образец поясная сумка альтернатива, Образец пружинки А, Образец пружинки Б, Образец прямой чайной пары, Образец прямой чайной пары с квадратной ручкой, Образец прямой чашки с деколью, Образец ракетки, Образец ремувки из паракорда, Образец ремувки с джибитсами, Образец ретрактора А, Образец ретрактора Б, Образец ретрактора В, Образец ретрактора Г, Образец ретрактора Д, Образец рюкзака, Образец рюкзака 1, Образец рюкзака 2, Образец рюкзака 3, Образец рюкзака COMBO большой, Образец с деколью А, Образец с деколью Б, Образец с распыление и деколью, Образец селфи-лампы для телефона, Образец селфи-лампы со штативом, Образец силиконового стакана, Образец стакан пластиковый, Образец стакан стеклянный, Образец стакана 3 шт., Образец стакана А, Образец стакана Б, Образец стакана В, Образец стаканчика с деколью, Образец стаканчика с дизайном, Образец стикеров для повербанка, Образец сумка - холодильник, Образец сумки, Образец сумки кросс-боди, Образец тарелки, Образец тарелки 15 см, Образец тарелки 24см, Образец тарелки с бортами 20 см с деколью, Образец тарелки с деколью, Образец тарелки с деколью,1 макет, Образец тарелки с деколью,2 макет, Образец тарелки с деколью,3 макет А, Образец тарелки с деколью,3 макет Б, Образец термокоробов для курьеров Яндекс Еды с символикой Яндекс, Образец термокружки, Образец термоса, Образец ткани, Образец увлажнитель воздуха А, Образец увлажнитель воздуха Б, Образец увлажнитель воздуха В, Образец фляги, Образец фурнитура черная, Образец футболки А, Образец футболки Б, Образец футболки для курьеров Еды с символикой Яндекс, Образец футболок для курьеров Лавки с символикой Яндекс, Образец футбольного мяча, Образец чайная пара А, Образец чайная пара Б, Образец чайника, 2 макет А, Образец чайника, 2 макет Б, Образец чайника,1 макет, Образец чайной пары, Образец чайной пары с деколью, Образец чашки меняющей цвет - 2 макета, Образец чашки с деколью, Образец чашки с дизайном, Образец чашки, 4 дизайна, Образец чехла для ноутбука, Образец чехла для телефона А, Образец чехла для телефона Б, Образец чехол для ноутбука Teddy, Образец шара с дизайном, 3 дизайна, Образец шарфа, Образец шильдика, Образец шкатулки, Образец шоппера, Образец шоппера, зеленый термохром, Образец шоппера, черно-красный термохром, Образец шоппера, черно-красный, экокожа, Образец шоппера, черно-синий термохром, Образец шоппера, черно-синий, экокожа, Образец юбка под елку, Образцы - некхенгеры с ремешками, Образцы зонта А, Образцы зонта Б, Образцы зонта В, Образцы пауэрбанков А, Образцы пауэрбанков Б, Образцы пауэрбанков В, Органайзер Б, Органайзер В, Открывашка для пива, 5х3, 1см, лого лазерной гравировкой А, Открывашка для пива, 5х3, 1см, лого печатью, черный цвет, Открытие формы вазы, Очки Hakii Wind II А, Папка для ноутбука ""Palitra"", жаккард, красный-чёрный, 25х35х3 см, Папка для ноутбука ""Palitra"", жаккард, серый-красный, 25х35х3 см, Папка для ноутбука ""Palitra"", жаккард, синий-оранжевый, 25х35х3 см, Папка для ноутбука ""Palitra"", жаккард, черный-синий, 25х35х3 см А, Папка для ноутбука ""Palitra"", жаккард, черный-синий, 25х35х3 см Б, Папка для ноутбука ""Palitra"", жаккард, черный-фиолетовый, 25х35х3 см А, Папка для ноутбука ""Palitra"", жаккард, черный-фиолетовый-оранжевый, 25х35х3 см, Пауэрбанк P218, Пауэрбанк PQ2012, Пенал образец, Песочные часы, Песочные часы 20 минут (новогодние) А, Планинг, Пластина для брелка, Пластырь 10 штук в наборе, Плед А, Плед Б, Плед образец, Подарочная коробка с символикой Яндекс А, Подвеска на елку, хрусталь, 8 см, Подсвечник - дама ""Солнечный круг"", фарфор, 15,7 х 13,2, красный, бордовый, золото, Подсвечник - лошадка ""Солнечный круг"", фарфор, 13,2 х 13 красный, бордовый, золото, Подсвечник из хрусталя 100 х 100 х 100 мм, Подсвечник из хрусталя 120 х 120 х 120 мм, Подсвечник из хрусталя 80 х 80 х 80 мм, Подсвечник крутящийся с шармами «Новогодний», нержавеющая сталь, 16 см, золотой, Подсвечник формовой большой, хрусталь, 16 х 6,5 х 5,5 см, прозрачный/оранжевый/синий, Подсвечник формовой малый, хрусталь, 11 х 5 х 4 см, оранжевый/прозрачный/черный, Подсвечник хрустальный, желтый, Подсвечник хрустальный, синий, Подставка для фруктов для мультивазы, 22,3х6,3 см, белая, Подушка А, Подушка Б, Подушка плед, Подушка-плед А, Портативный пылесос, Посуда пластиковая ланч-бокс для взрослых А, Поясная сумка COMBO, Поясная сумка Teddy, искусственный мех, длинный ворс, 36 х 18 х 12 см, молочный цвет-образец, Принтер мгновенной печати, Программируемая клавиатура на 12 клавиш А, Программируемая клавиатура на 12 кнопок + 2 энкодера, Проектор звездного неба, Проектор клавиатуры, Прямая чайная пара ""Fesco"" фарфор, золото, Пыльник А, Пыльник Б, Раскладка Тедди, Раскладка термохром, Раскладка экокожа, Раскладки, Ремувка А, Ремувка Г, Ремувка Д, Ремувка на телефон из бусин, Ремувка на телефон с героями, Ремувка на телефон со Спарксом, Ремувка на телефон со Спотти, Рулон наклеек, круглых, без печати (10 000 шт), Ручка А, Ручка Б, Рюкзак ""Palitra"", жаккард, красный-чёрный, 40х30х12 см, Рюкзак ""Palitra"", жаккард, серый, 40х30х12 см, Рюкзак ""Palitra"", жаккард, серый-красный, 40х30х12 см, Рюкзак ""Palitra"", жаккард, серый-лайм, 40х30х12 см, Рюкзак ""Palitra"", жаккард, синий-голубой, 40х30х12 см, Рюкзак ""Palitra"", жаккард, синий-оранжевый, 40х30х12 см, Рюкзак ""Palitra"", жаккард, черно-синий, 40х30х12 см, Рюкзак ""Palitra"", жаккард, черный-фиолетовый, 40х30х12 см А, Рюкзак ""Palitra"", жаккард, черный-фиолетовый-оранжевый, 40х30х12 см, Рюкзак COMBO большой, Рюкзак COMBO маленький, Рюкзак COMBO, Maxi, нейлон, 30 х 42 х 18 см, черный, Рюкзак COMBO, Mini, нейлон, 30 х 40 х 15 см, черный, Рюкзак Б, Рюкзак БК, Рюкзак В, Рюкзак Г, Рюкзак альтернатива, Рюкзак градиент А, Рюкзак градиентный, полиэстер, 34 х 15 х 48 см, зелено-желтый, Рюкзак градиентный, полиэстер, 34 х 15 х 48 см, серо-оранжевый, Рюкзак образец, Рюкзак образец 2, Рюкзак роллтоп ""Liquid Metall"", термопластичный полиуретан, красный, 28х35х11 см, Рюкзак роллтоп ""Liquid Metall"", термопластичный полиуретан, синий, 28х35х11 см, Рюкзак роллтоп ""Liquid Metall"", термопластичный полиуретан, черный, 28х35х11 см, Рюкзак с карманами, Рюкзак с накладными карманами, полиэстер, 45 х 31 х 13 см, черный, Рюкзак-мешок К, Светильник с муз. и подсветкой, дизайн ""Новогодняя ель"", стекло,дерево,10 х12 см,прозр. и цвет.нат.дерева, Светильник-органайзер образец, Светящиеся часы, Серый шоппер с оранжевым шнуром, Сет карманов COMBO, Сет мини сумок COMBO, 4 штуки, нейлон, 10 и 20 см, красные, Сет мини сумок COMBO, 7 штук, ТПУ, 10 и 20 см, серый, Сет мини сумок COMBO, 7 штук, нейлон, 10 и 20 см, красные, Сигнальный образец голографического пакета с печатью, Сигнальный образец по макету клиента ""Визитка с определением уровня стресса"", Сигнальный образец по референсам клиента ""Мягкая игрушка леопард"", Силиконовый стакан А, Силиконовый чехол, Складная клавиатура, Снежный шар, Стакан для кофе с силиконовой крышкой, глянцевый, керамика, 580 мл, белый с красным, Стакан-непроливайка с трубочкой, Стаканчик для свечи ""Змеи"", дизайн № 2 фарфор, 7,3 х 6,8см, Стаканчик для свечи ""Змеи"", дизайн №1, фарфор, 7,3 х 6,8см, Стаканчик для свечи ""Змеи"", дизайн №3, фарфор, 7,3 х 6,8см, Стаканчик для свечи ""Солнечный круг"", фарфор, 7,3 х 6,8см, красный, бордовый, золото, Стаканчик кофейный ""Гордиев узел"", фарфор, 200 мл, дизайн с золотыми элементами, Стаканчик кофейный ""Новая геометрия"", фарфор, 200 мл, дизайн №1 с черными элементами, Стаканчик кофейный ""Новая геометрия"", фарфор, 200 мл, дизайн №2 с красно-золотыми элементами, Стаканчик кофейный ""Новая геометрия"", фарфор, 200 мл, дизайн №3 с белыми элементами, Стаканчик кофейный ""Пиксели"", фарфор, 8 х 7,5 см, серый, золото, Стаканчик кофейный ""Русалка"", фарфор, 200 мл, Стаканчик кофейный «Пиксели», фарфор, 8 х 7,5 см, голубой, золото, Стаканчик, форма на ножке, фарфор, 8 х 7,5 см, белый (образец), Стейнер А, Стикерпак, Стилус универсальный, Стропа для ключей, Сумка, Сумка для адаптера ""Palitra"", жаккард, красный-чёрный, 13х20 см, Сумка для адаптера ""Palitra"", жаккард, серый-синий, 13х20 см, Сумка для адаптера ""Palitra"", жаккард, синий-голубой, 13х20 см, Сумка для адаптера ""Palitra"", жаккард, синий-оранжевый, 13х20 см, Сумка для адаптера ""Palitra"", жаккард, черный-синий, 13х20 см, Сумка для адаптера ""Palitra"", жаккард, черный-фиолетовый, 13х20 см А, Сумка для бутылки, Сумка кросс-боди ""Liquid Metall"", термопластичный полиуретан, красный, 20х14х3 см, Сумка кросс-боди ""Liquid Metall"", термопластичный полиуретан, синий, 20х14х3 см, Сумка кросс-боди ""Liquid Metall"", термопластичный полиуретан, черный, 20х14х3 см, Сумка кросс-боди ""Palitra"", жаккард, серый, 17.5х11х5 см, Сумка кросс-боди ""Palitra"", жаккард, серый-лайм, 17.5х11х5 см, Сумка кросс-боди ""Palitra"", жаккард, синий-голубой, 17.5х11х5 см А, Сумка кросс-боди ""Palitra"", жаккард, черный-синий, 17.5х11х5 см А, Сумка кросс-боди ""Palitra"", жаккард, черный-синий, 17.5х11х5 см Б, Сумка кроссбоди Teddy, искусственный мех, длинный ворс, 20 х 12 х 2 см, молочный цвет-образец, Сумка кроссбоди Teddy, искусственный мех, длинный ворс, 20х12х2 см, молочная, Сумка кроссбоди Teddy, чёрный цвет- Образец А, Сумка кроссбоди Teddy, чёрный цвет- Образец Б, Сумка кроссбоди Teddy, чёрный цвет- Образец В, Сумка кроссбоди Teddy, чёрный цвет- Образец Г, Сумка на пояс COMBO, нейлон, 10 х 28 х 10 см, черная А, Сумка на пояс COMBO, нейлон, 10 х 28 х 10 см, черная Б, Сумка на пояс Teddy, фиолетовый цвет-Образец, Сумка поясная ""Palitra"", жаккард, серый, 23х14х8 см, Сумка поясная ""Palitra"", жаккард, черный-синий, 23х14х8 см, Сумка поясная ""Palitra"", жаккард, черный-фиолетовый, 23х14х8 см А, Сумка поясная ""Palitra"", жаккард, черный-фиолетовый-оранжевый, 23х14х8 см, Сумка поясная Teddy, искусственный мех, длинный ворс, 36х18х12 см, молочная, Сумка поясная, паттерн ""Иллан"", Сумка с зеленым шнуром альтернатива, Сумка холстер ""Liquid Metall"", термопластичный полиуретан, черный, 56х19 см, Сумка через плечо А, Сумка через плечо Б, Сумочка, Сумочка для наушников А, Сумочка для наушников Б, Термобокал, Термобутылка, Термобутылка с круглой крышкой, нержавеющая сталь, 350 мл, голубая с оранжевым, Термобутылка с полной запечаткой Билайн, Термокружка, Термометр, Термохромная бутылка, Увлажнитель воздуха Г, Фигурка Слон, Фигурка корова, Фигурка собака, Фишки, Холдер для бутылки ""Liquid Metall"", термопластичный полиуретан, красный, 18х9х9 см, Холдер для бутылки ""Liquid Metall"", термопластичный полиуретан, синий, 18х9х9 см, Холдер для бутылки ""Liquid Metall"", термопластичный полиуретан, черный, 18х9х9 см, Хрустальный медальон А, Хрустальный медальон Б, Чайная пара ""Змеи"", прямая форма, фарфор, 250 мл, Чайная пара ""Золотая чешуя"", фарфор, 240 мл, золото с желтым, Чайная пара ""Новая геометрия"", фарфор, 250 мл, дизайн №1 с черными элементами, Чайная пара ""Новая геометрия"", фарфор, 250 мл, дизайн №2 с красно-золотыми элементами, Чайная пара ""Новая геометрия"", фарфор, 250 мл, дизайн №3 с белыми элементами, Чайная пара ""Пиксели"", прямая форма, форфор, 250 мл, серый, золото, Чайная пара ""Русалка"", фарфор, 250 мл, косая форма, Чайная пара ""Солнечный круг"", прямая форма, 250 мл, красный, бордовый, золотой, Чайная пара «Кролик» К.Овчинников, прямая форма, фарфор, 250 мл, светло-оранжевый, фиолетовый, Чайная пара «Кролик» К.Овчинников, прямая форма, фарфор, 250 мл, темно-оранжевый, фиолетовый, Чайная пара «Лошади» К.Овчинников, прямая форма, фарфор, 250 мл, оранжевый, синий, красный, Чайная пара «Новые лемуры» К.Овчинников, прямая форма, фарфор, 250 мл, голубой, коричневый, Чайная пара «Пиксели», прямая форма, фарфор, 250 мл, голубой, золото, Чайная пара на ножке ""Гордиев узел"", фарфор, 250 мл, золотой дизайн на чашке, Чайная пара на ножке ""Гордиев узел"", фарфор, 250 мл, красно-золотой дизайн на чашке, Чайная пара на ножке ""Каток на Красной площади"", фарфор, 250мл, золото А, Чайная пара прямой формы ""Buffet"", фарфор, 250 мл, Чайная пара с деколью ""Хозяин леса"", Чайная пара с круглой ручкой "" Нить Ариадны "", фарфор, 250 мл, белый, золото, Чайник ""Золотая чешуя"", фарфор, 880 мл, золото с черным, Чайник с деколью ""Хозяин леса"" А, Чайник, форма с круглой ручкой и круглым навершием, фарфор, 300 мл, белый (образец), Чайник-эгоист ""Buffet"", фарфор, 300 мл, Чайник-эгоист ""Бабочки"", фарфор, 300 мл, белый, синий,золото, Чайный сет, стекло, синий, 120мм*125мм, Черная сумка-шоппер с серым шнуром альтернатива, Чехол для ноутбука Teddy, искусственный мех, длинный ворс, 35 х 25 х 2 см, молочный цвет-образец, Чехол для ноутбука Teddy, искусственный мех, длинный ворс, 35Х25х2 см, бордо, Чехол для ноутбука Teddy, искусственный мех, длинный ворс, 35х25х2 см, молочный, Чехол для ноутбука Teddy, искусственный мех, длинный ворс, 35х25х2 см, салатовый, Чехол для ноутбука Teddy, искусственный мех, длинный ворс, 35х25х2 см, серо-бежевый, Чехол для ноутбука Teddy, фиолетовый цвет-Образец, Чехол для ноутбукаTeddy, искусственный мех, длинный ворс, 35х25х2 см, темно-синий, Чехол для паспорта ""Palitra"", жаккард, серый-лайм, 13х18 см, Чехол для паспорта ""Palitra"", жаккард, серый-синий, 13х18 см, Чехол для паспорта ""Palitra"", жаккард, черный-синий, 13х18 см, Чехол для флешки, образец, Шашки, Шейкер А, Шнур для телефона, Шнурок для телефона, Шопер, Шопер ""Palitra"", жаккард, серый, 27х35х11 см, Шопер ""Palitra"", жаккард, серый-лайм, 27х35х11 см, Шопер ""Palitra"", жаккард, серый-синий, 27х35х11 см, Шопер ""Palitra"", жаккард, синий-голубой, 27х35х11 см, Шопер ""Palitra"", жаккард, синий-оранжевый, 27х35х11 см, Шопер ""Palitra"", жаккард, черный-синий, 27х35х11 см, Шопер ""Palitra"", жаккард, черный-фиолетовый, 27х35х11 см А, Шопер ""Palitra"", жаккард, черный-фиолетовый-оранжевый, 27х35х11 см, Шоппер Б, Шоппер образец, Шоппер тайвек, Шоппер хлопок альтернатива, Этажерка двухъярусная «Нить Ариадны», фарфор, металл, 23,5 см, белый, золото, Этажерка двухярусная ""Гордиев узел"", фарфор, металл, 15,5 см, гамак А, гамак Б, набор для тенниса, сигнальный образец монетница по макету клиента (акрил+акрил), сумка машиниста, услуга Нанесение логотипа на вечный карандаш шелкография"
Аксессуары для гаджетов,"23 318,00","21,00","597,76","613,20","8 558 082,05","1,33%","03918 держатель для телефона автомобильный с беспроводной зарядкой, Держатель для провода, Кольцо Magsafe А, Кольцо Magsafe Б, Кольцо Magsafe В, Набор для чистки гаджетов А, Подставка для наушников с беспроводной зарядкой без лого, Подставка для ноутбука, Подставка для ноутбука с символикой Яндекс Реклама А, Подставка для ноутбука с символикой Яндекс Реклама Б, Подставка для ноутбука с символикой Яндекс Реклама В, Подставка для телефона с символикой Яндекс Реклама А, Подставка для телефона с символикой Яндекс Реклама Б, Подставка для телефона с символикой Яндекс Реклама В, Поп-сокет, Пылесос для клавиатуры, Салфетка, Салфетка из микрофибры, Универсальный держатель, Чехол для телефона под джибитсы, вид 1, Чехол для телефона под джибитсы, вид 2"
Пакеты,"274 111,00","21,00","216,28","204,43","8 014 665,89","1,24%","Голографический пакет, Зип-пакет 34х18, Зип-пакет 34х36, Зип-пакет 55х46, Зип-пакет для брелока, Зип-пакет для ланъярда, Зип-пакет для чехла для наушников, Пакет HIGHWAY, Пакет pvc А, Пакет pvc Б, Пакет А, Пакет Б, Пакет для подарочного набора с символикой Yandex Ads А, Пакет для подарочного набора с символикой Yandex Ads Б, Пакет для подарочного набора с символикой Yandex Ads В, Пакет фольгированный А, Пакет фольгированный Б, Пакет фольгированный В, Подарочный пакет А, Подарочный пакет Б, Термоусадка набор 328 шт."
Ткань,"7 956,32","3,00","1 491,61","1 000,00","7 920 091,70","1,23%","ПОЛОТНО ТРИКОТАЖНОЕ МАШИННОГО ВЯЗАНИЯ ИЗ СИНТЕТИЧЕСКИХ НИТЕЙ, Полотно трикотажное длинноворсовое, имитирующее мех, Ткань одеждная из синт.волокон"
Кружки,"10 935,00","6,00","638,27","686,45","7 215 966,30","1,12%","Кружка Б, Кружка В, Кружка Г, Кружка Д, Кружка красная А, Кружка красная Б"
Ланчбоксы,"16 006,00","4,00","511,72","445,47","6 528 609,06","1,01%","Ланчбокс А, Ланчбокс Б, Посуда пластиковая ланч-бокс для взрослых Б, ланч бокс 3 предмета нож вилка ложка"
Статуэтки и награды,"4 151,00","5,00","2 199,72","1 883,40","6 340 911,80","0,98%","04073 статуэтка собачка матовая, 04074 статуэтка собачка хромовая, 3Д шар с гравировкой на деревянной подставке с гравировкой, с синей подсветкой и гимном клиента, Тираж - верблюды 3 дизайна А, Тираж - верблюды 3 дизайна Б"
Коробки,"10 329,00","16,00","88 274,08","464,45","5 857 792,36","0,91%","01566 коробка, Заготовочные листы для сборки коробок с кашированием А, Заготовочные листы для сборки коробок с кашированием Б, Заготовочные листы для сборки коробок с кашированием В, Заготовочные листы для сборки коробок с кашированием Г, Заготовочные листы для сборки коробок с кашированием Д, Заготовочные листы для сборки коробок с кашированием Е, Коробка, Коробка HIGHWAY, Коробка под набор 2, Коробка под набор стандарт 1, Коробка под плед, Подарочная коробка с символикой Яндекс Б, Подарочная коробка с символикой Яндекс В, Производство подарочной коробки с символикой Яндекс А, Производство подарочной коробки с символикой Яндекс Б"
Брелоки,"27 336,00","28,00","228,75","212,17","5 739 962,75","0,89%","Браслет СЛЭП БЯ, Брелок ""Носорог Шедеврум"" в картонной коробке, Брелок Betalife, Брелок HIGHWAY, Брелок Palitra, металл/шнур, в ассортименте, Брелок Б, Брелок Г, Брелок акриловый Б, Брелок из шнура, Брелок каска, Брелок план Б Б, Брелок робот, Брелок ромб с цветком, Брелок с жаккардовой биркой Б, Брелок с символикой Yandex Ads, Брелок с шильдом синий Б, Брелок с шильдом синий В, Брелок с шильдом синий Г, Брелок с шильдом синий Д, Брелок-кнопка с символикой Yandex Games, Брелоки Betboom, Подвес для брелока, Пружинка для брелока, Ремувка Б, Ремувка В, Ремувка Е, Ремувка с джибитсами, Светящийся браслет"
Услуги,"8,00","15,00","381 937,01","16 830,00","5 729 055,20","0,89%","01570доставка, 3д макет от фабрики, Доставка значков и брелоков с символикой Yandex Ads для IGDX Bali, Доставка игрушек с символикой Yandex Games для WN Limassol, Доставка подарочных наборов А, Доставка подарочных наборов Б, Моделирование 3D-модели, Сигнальный образец шар 3 д гравировка по макету клиента, Создание 3D макета визуализация, услуга Доставка, услуга Доставка значков, услуга Инспекция, проверка всего тиража на фабрике в Китае, услуга Разработка концепции подарков, услуга Создание 3D макета визуализация А, услуга Создание 3D макета визуализация Б"
Косметички,"7 048,00","7,00","744,06","687,58","5 384 809,94","0,83%","Косметичка ""Palitra"", жаккард, черный-фиолетовый, 10х10х20 см Б, Косметичка бордовая Б, Косметичка с брелоком А, Косметичка с брелоком Б, ПВХ косметичка, Силиконовая косметичка, цвет белый, Силиконовая косметичка, цвет чёрный"
Кепки,"9 060,00","7,00","924,72","874,40","5 382 505,52","0,83%","Бейсболка классическая, Бейсболка с логотипом, Бейсболка с прямым козырьком, Кепка SOKOLOV, Кепка А, Синяя базовая кепка А, Синяя базовая кепка Б"
Сумки,"4 761,00","13,00","1 133,65","955,97","4 959 934,27","0,77%","Дутая поясная сумка, Дутая сумка, Поясная сумка, Поясная сумка с шевронами, Сумка для АКБ 155*215*115мм, Сумка для адаптера ""Palitra"", жаккард, черный-фиолетовый, 13х20 см Б, Сумка для адаптера ""Palitra"", жаккард, черный-фиолетовый-оранжевый, 13х20 см, Сумка кросс-боди ""Palitra"", жаккард, синий-голубой, 17.5х11х5 см Б, Сумка поясная ""Palitra"", жаккард, черный-фиолетовый, 23х14х8 см Б, Сумка с символикой Yandex Ads, Сумка-нессесер с лого шелкография, Термосумка, Холдер для бутылки"
Ежедневники,"7 721,00","13,00","1 052,29","639,07","4 768 365,37","0,74%","02343 ежедневник, 02343 ежедневники, 03880 ежедневник вип, 03937 ежедневники красные, 03938 ежедневники желтые, Блокнот, Еж HIGHWAY, Еж HIGHWAY VIP, Ежедневник Г, Ежедневник Д, Ежедневник с ручкой, Ежедневник со встроенной зарядкой, Набор с ежедневником"
Посуда,"12 985,00","14,00","1 077,25","625,83","4 764 547,88","0,74%","03727 Окуриватель, 03728 Горелка, 04075 ваза геометрическая, 04076 ваза геометрическая 2, Барная ложка Б, Джиггер Б, Костер, Охладители, Складной стакан, Стейнер Б, Титановый чайный набор, Флакон, Чайный набор, Шейкер Б"
Обувь,"22 560,00","7,00","139,05","100,00","4 532 780,00","0,70%","Многоразовые бахилы для обуви, Сабо, размер 35/36, Сабо, размер 36/37, Сабо, размер 38/39, Сабо, размер 40/41, Сабо, размер 46/47, Силиконовый чехол для обуви"
Снежные шары,"1 230,00","4,00","3 958,55","3 711,55","4 395 973,00","0,68%","Музыкальный снежный шар А, Музыкальный снежный шар Б, Снежные шары А, Снежные шары Б"
Органайзеры,"4 278,00","6,00","678,06","584,55","3 578 810,32","0,55%","Несессер Teddy, Органайзер А, Органайзер Г, Органайзер для проводов А, Органайзер для проводов Б, органайзер для путешествия"
Фурнитура,"73 785,00","27,00","2 706,12","68,00","3 292 908,52","0,51%","Алюминиевые ручки для шкафа без лого, Бирка для гирлянды с символикой Яндекс Б, Брелок с карабином, Веревка,длина 20 см, Вкладыш для чехла на телефон, Вкладыш под телефон, черный цвет, КАРАБИНЫ КРЕПЕЖНЫЕ СТАЛЬНЫЕ, Карабин А, Карабин Б, Карабин Г, Карабин Д, Карабин сердце, Карабин треугольный 25 мм, Колечко, Колечко для календаря, диаметр 20 мм, Колечко плоское, Колечко соединительное 10мм, Колечко соединительное 8мм, ПРЯЖКИ ТИПА ФАСТЕКС ДЛЯ ПОЯСОВ,РЮКЗАКОВ,ИЗГОТОВЛЕННЫЕ ИЗ НЕДРАГОЦЕННОГО МЕТАЛЛА, Подвес без колпачка, золотой, Подвеска гитара, Производство бирок для гирлянд с символикой яндекс, Резинки мц А, Резинки мц Б, Ремешок 15*180мм, Шнурки А, Шнурки Б"
Лампы,"943,00","6,00","4 989,92","3 210,40","3 133 972,50","0,49%","Лампа для светотерапии Living Sunshine, Музыкальная лампа Б, Музыкальная лампа В, Неоновая лента А, Неоновая лента Б, Светильник Ананас"
Зеркала,"5 500,00","2,00","571,09","571,09","3 109 085,00","0,48%","Зеркало на ручке, Зеркало светодиодное Септолете Тотал"
Пледы,"1 583,00","5,00","2 176,44","2 645,58","3 090 839,00","0,48%","03879 чехол для пледа, Плед с чехлом МТС, Подушка-плед Б, Подушка-плед В, Флисовый плед"
Чехлы,"3 249,00","9,00","1 192,71","1 572,40","2 939 695,55","0,46%","04356 чехол для ноутбука puffer, Вкладыш под чехол, Гидрочехол для телефона, Дутый чехол для ноутбука Б, Папка для ноутбука ""Palitra"", жаккард, черный-фиолетовый, 25х35х3 см Б, Чехол для наушников, Чехол для ноутбука, Чехол для ноутбука Teddy, Чехол для планшета"
Зонты,"2 955,00","2,00","985,60","985,60","2 907 016,50","0,45%","Зонт трость - серебряный, Зонт трость - черный"
Увлажнители,"1 923,00","5,00","1 613,32","1 475,00","2 832 685,40","0,44%","Увлажнитель, Увлажнитель воздуха А, Увлажнитель воздуха Б, Увлажнитель воздуха В, увлажнитель лава"
Шопперы,"3 613,00","8,00","814,93","895,09","2 748 063,90","0,43%","Мини шоппер, Сувенирная продукция шоппер раскраска, Шопер ""Palitra"", жаккард, черный-фиолетовый, 27х35х11 см Б, Шоппер А, Шоппер В, Шоппер Г, Шоппер Д, Шоппер голлографический с символикой Yandex Games в Москву"
Стаканы,"4 055,00","8,00","813,60","706,87","2 739 052,80","0,42%","Золотой стакан с лого А, Золотой стакан с лого Б, Золотой стакан с лого В, Золотой стакан с лого Г, Золотой стакан с лого Д, Силиконовый стакан Б, Стакан для зубных щеток, Стакан термо"
Бижутерия,"35 050,00","30,00","94,35","85,99","2 413 652,45","0,37%","Браслет БЯ, Браслет кощея, Браслет русалочка А, Браслет русалочка Б, Браслет русалочки и ракушки А, Браслет русалочки и ракушки Б, Браслет тыква, Брошь гитара, Брошь любовь, Брошь скелет, Брошь череп, сердце, кость, Корона А, Корона Б, Металлический браслет Хэллоуин, Ободки голубого цвета, Ободки голубого цвета с печатью в 1 цвет по образцу В, Пластиковые браслеты Хэллоуин, Резинка Хэллоуин А, Резинка Хэллоуин Б, Серьга Хэллоуин А, Серьга Хэллоуин Б, Серьги БЯ, Серьги бритва, Серьги металлические волшебные А, Серьги металлические волшебные Б, Серьги пластмассовые кошечка, Серьги рок, Серьги тыква, Серьги тыква кекс А, Серьги тыква кекс Б"
Подушки,"1 780,00","5,00","1 207,67","1 109,90","2 327 143,20","0,36%","Подушка для путешествий А, Подушка для путешествий Б, Подушка для самолета с выемкой, Подушка с биркой в вакуумной упаковке, подушка для путешествия тампопечать"
Хрусталь,"797,00","5,00","6 127,34","6 847,50","2 322 879,10","0,36%","Брелок-хрустальное стекло, Хрустальная ваза с нанесением, Хрустальный подсвечник 100 мм с нанесением, Хрустальный подсвечник 120 мм с нанесением, Хрустальный подсвечник 80 мм с нанесением"
Игрушки,"4 147,00","11,00","651,42","762,80","2 301 722,90","0,36%","Головоломка Змейка Б, Детская игрушка для ванной Дракоша, Детская музыкальная игрушка Зайчик, Игрушки с символикой Yandex Games в Москву А, Игрушки с символикой Yandex Games в Москву Б, Кубик-антисмтресс, Кубик-антистресс А, Кубик-антистресс Б, Фрисби, игрушки с символикой Yandex Games в Турцию, приставка sup"
Дождевики,"1 010,00","2,00","2 254,25","2 254,25","2 276 792,50","0,35%","Дождевик Г, Дождевик Д"
Значки,"26 650,00","6,00","322,54","179,76","2 177 242,00","0,34%","Значки, Значок А, Значок Б, Металлический значок ретро компьютер "" АГАТ"" Россия, Металлический значок ретро компьютер "" КУВТ"" Россия, Набор значков с символикой Яндекс Финтех А"
Термокружки,"2 780,00","4,00","851,88","856,16","2 174 583,40","0,34%","Кофер с трубочкой, Коферы, Термокружка с датчиком температуры, термокружка френчпрес"
Инструменты строительные,"1 566,00","1,00","1 382,00","1 382,00","2 164 212,00","0,34%",Набор инструментов Б
Футболки,"1 310,00","4,00","1 637,75","1 425,25","1 998 850,00","0,31%","Футболка А, Футболка Б, футболка оверсайз белая, футболка оверсайз черная"
Клавиатуры,"1 255,00","1,00","1 562,92","1 562,92","1 961 464,00","0,30%",Программируемая клавиатура на 12 клавиш Б
Часы,"6 084,00","5,00","781,05","483,61","1 858 915,50","0,29%","Песочные часы 20 минут (новогодние) Б, Песочные часы с голубым песком 1 минута А, Песочные часы с голубым песком 1 минута Б, Таймер, Таймер обратного отсчета mos реле"
Ручки,"28 288,00","12,00","63,17","56,25","1 613 946,01","0,25%","03996 ручка с полем для нанесения qr-кода, Многофункциональная рекламная ручка, Ручка HIGHWAY, Ручка В, Ручка красная А, Ручка красная Б, Ручка красная с софт-тач, Ручка с логотипом заказчика, Ручка с полем для нанесения QR-кода, Ручка серебристая, Ручка, желтая, пластик, с фонариком, Ручки с логотипом"
Адаптеры,"1 721,00","13,00","1 795,69","273,10","1 547 418,18","0,24%","USB-удлинитель -банан, Адаптер USB TYPE-C Б, Адаптер USB TYPE-C В, Адаптер с чехлом А, Адаптер с чехлом Б, Переходник 3в1, зеленый, Переходник 3в1, серый, Переходник mmcx угловой – sma с креплением 5 см А, Переходник mmcx угловой – sma с креплением 5 см Б, Переходник хт90 папа - хт60 мама, Переходники, Производство адаптеров USB TYPE-C А, Производство адаптеров USB TYPE-C Б"
Полотенца,"980,00","3,00","1 159,50","771,80","1 353 274,00","0,21%","Набор для отдыха, Пляжное полотенце, Полотенце микрофибра в чехле"
Массажёры,"885,00","2,00","1 632,36","1 632,36","1 181 977,20","0,18%","Массажер перкуссионный Б, подушка для путешествия с массажером 4 режима"
Проекторы,"553,00","1,00","1 890,00","1 890,00","1 045 170,00","0,16%",Проектор Иллан
Карандаши,"9 050,00","5,00","88,03","94,17","1 031 595,00","0,16%","Вечный карандаш А, Вечный карандаш Б, Карандаш HIGHWAY, Карандаш с градиентом, Сувенирная продукция вечный карандаш из красного дерева с металлическим наконечником"
Колонки,"1 100,00","11,00","888,38","891,30","974 010,00","0,15%","Колонка портативная, Колонка, цвет голубой, Колонка, цвет магнолия А, Колонка, цвет магнолия Б, Колонка, цвет магнолия В, Колонка, цвет магнолия Г, Колонка, цвет магнолия Д, Колонка, цвет серый А, Колонка, цвет серый Б, Колонка, цвет серый В, Колонка, цвет синий"
Метеостанции,"1 190,00","3,00","813,87","809,80","958 961,00","0,15%","Метеостанция А, Метеостанция Б, Метеостанция В"
Новогодние украшения,"10 170,00","2,00","86,20","86,20","876 654,00","0,14%","Шарик новогодний зеленый, Шарик новогодний серебряный"
Каски,"500,00","1,00","1 736,08","1 736,08","868 041,67","0,13%",Каска полупрозрачная без брендирования
Семена,"119,00","31,00","7 611,63","6 952,24","789 961,03","0,12%","02679 Агава, 02682 Гибискус сабдариффаба (каркаде), 02684 Псидиум Кетли Psidium cattleianum, 02686 Литопсы смесь №1, 02686 литопсы смесь 1 А, 02686 литопсы смесь 1 Б, 02687 Литопсы смесь №2, 02687 литопсы смесь 2 А, 02687 литопсы смесь 2 Б, 03226 Семена жакаранды, 04437 Глоксиния, 04438 Лаванда, 04439 Гибискус изменчивый, 04479 Фуксия бордовая, 04480 Фуксия микс, Агава, Гибискус изменчивый, Гибискус изменчивый 20 000 семян, Гибискус сабдариффаба (каркаде) 10 тыс семян, Жакаранда, Литопсы смесь 10 000 семян А, Литопсы смесь 10 000 семян Б, Литопсы смесь 10 000 семян В, Литопсы смесь 10 000 семян Г, Литопсы смесь №1 А, Литопсы смесь №1 Б, Литопсы смесь №2 А, Литопсы смесь №2 Б, Псидиус Кетли 20 тыс семян, Семена жакаранды, Цезальпиния"
Настольные игры,"79,00","4,00","160 026,22","25 881,91","699 556,58","0,11%","Карточная игра с символикой Яндекс Б, Карточная игра с символикой Яндекс В, Производство карточной игры с символикой Яндекс А, Производство карточной игры с символикой Яндекс Б"
Жестяные банки,"1 850,00","2,00","294,69","294,69","575 514,80","0,09%","Бочка-копилка, Жестянная банка, 65*45мм, золото"
Очки,"5 070,00","3,00","158,12","156,60","524 044,70","0,08%","Очки с подъемной линзой, металл, золото-чёрный, Очки серые, Стерео очки"
Таблетницы,"5 500,00","3,00","93,30","84,17","458 290,00","0,07%","Мини-таблетница с четырьмя отделениями А, Мини-таблетница с четырьмя отделениями Б, Таблетница"
Весы,"300,00","1,00","1 493,10","1 493,10","447 930,00","0,07%",Весы для чемодана
Вееры,"505,00","1,00","848,13","848,13","428 305,65","0,07%",Веер голографический
Вентиляторы,"950,00","2,00","501,45","501,45","406 920,00","0,06%","02487 портативный мини вентилятор Б, вентилятор уточка"
Гирлянды,"540,00","3,00","46 166,87","2 059,80","404 542,68","0,06%","Гирлянда, Производство умных гирлянд, Умная гирлянда"
Полиграфия,"1 890,00","3,00","226,01","183,33","372 180,10","0,06%","Набор из открытки и конверта с символикой YDEX, Сертификат А, Сертификат Б"
Наклейки,"245 561,00","5,00","157,69","200,00","369 181,80","0,06%","Набор тканевых стикеров А5, сублимация, Наклейка из ПВХ на подложке из бумаги с напечатанными надписями, рисунком, Наклейка, круглая, без печати, Патчи переводные с логотипом заказчика, Стикер"
Маски для сна,"500,00","1,00","710,00","710,00","355 000,00","0,06%",3D маска для сна
Датчики давления,"75,00","1,00","3 282,28","3 282,28","246 171,00","0,04%",04068 комплект датчиков давления в шинах
Фонарики,"505,00","1,00","369,64","369,64","186 668,20","0,03%",Фонарик
Открывашки,"2 320,00","2,00","117,30","117,30","179 884,00","0,03%","Открывашка, Открывашка для пива, 5х3, 1см, лого лазерной гравировкой Б"
Флешки,"155,00","1,00","1 062,50","1 062,50","164 687,50","0,03%",Флешка 32 ГБ
Джибитсы,"150,00","1,00","1 069,20","1 069,20","160 380,00","0,02%",Набор джибитсов c символикой Яндекс Финтех
Свечи,"50,00","2,00","1 251,25","1 251,25","59 795,00","0,01%","Свеча новогодняя, Свеча с деревянным фитилем"
Перчатки,"210,00","2,00","144,20","144,20","30 282,00","0,00%","Перчатки серые, Перчатки черные + картонная этикетка"