Номер,Файл_Excel,Sheet_ID,Название_проекта,Ссылка_Google_Sheets,Статус_ссылки
1,google_sheet_20250923_094851.xlsx,google_sheet_20250923_094851,,file://storage/excel_files/google_sheet_20250923_094851_normalized.xlsx,Найдена
2,google_sheet_20250923_094858.xlsx,google_sheet_20250923_094858,,file://storage/excel_files/google_sheet_20250923_094858_normalized.xlsx,Найдена
3,google_sheet_20250923_094907.xlsx,google_sheet_20250923_094907,,file://storage/excel_files/google_sheet_20250923_094907_normalized.xlsx,Найдена
4,google_sheet_20250923_094914.xlsx,google_sheet_20250923_094914,,file://storage/excel_files/google_sheet_20250923_094914_normalized.xlsx,Найдена
5,google_sheet_20250923_094920.xlsx,google_sheet_20250923_094920,,file://storage/excel_files/google_sheet_20250923_094920_normalized.xlsx,Найдена
6,google_sheet_20250923_094925.xlsx,google_sheet_20250923_094925,,file://storage/excel_files/google_sheet_20250923_094925_normalized.xlsx,Найдена
7,google_sheet_20250923_094933.xlsx,google_sheet_20250923_094933,,file://storage/excel_files/google_sheet_20250923_094933_normalized.xlsx,Найдена
8,google_sheet_20250923_094946.xlsx,google_sheet_20250923_094946,,file://storage/excel_files/google_sheet_20250923_094946_normalized.xlsx,Найдена
9,google_sheet_20250923_094954.xlsx,google_sheet_20250923_094954,,file://storage/excel_files/google_sheet_20250923_094954_normalized.xlsx,Найдена
10,google_sheet_20250923_095001.xlsx,google_sheet_20250923_095001,,file://storage/excel_files/google_sheet_20250923_095001_normalized.xlsx,Найдена
11,google_sheet_20250923_095025.xlsx,google_sheet_20250923_095025,,file://storage/excel_files/google_sheet_20250923_095025_normalized.xlsx,Найдена
12,google_sheet_20250923_095032.xlsx,google_sheet_20250923_095032,,file://storage/excel_files/google_sheet_20250923_095032_normalized.xlsx,Найдена
13,google_sheet_20250923_095040.xlsx,google_sheet_20250923_095040,,file://storage/excel_files/google_sheet_20250923_095040_normalized.xlsx,Найдена
14,google_sheet_20250923_095047.xlsx,google_sheet_20250923_095047,,file://storage/excel_files/google_sheet_20250923_095047_normalized.xlsx,Найдена
15,google_sheet_20250923_095052.xlsx,google_sheet_20250923_095052,,file://storage/excel_files/google_sheet_20250923_095052_normalized.xlsx,Найдена
16,google_sheet_20250923_095126.xlsx,google_sheet_20250923_095126,,file://storage/excel_files/google_sheet_20250923_095126_normalized.xlsx,Найдена
17,google_sheet_20250923_095133.xlsx,google_sheet_20250923_095133,,file://storage/excel_files/google_sheet_20250923_095133_normalized.xlsx,Найдена
18,google_sheet_20250923_095143.xlsx,google_sheet_20250923_095143,,file://storage/excel_files/google_sheet_20250923_095143_normalized.xlsx,Найдена
19,google_sheet_20250923_100041.xlsx,google_sheet_20250923_100041,,file://storage/excel_files/google_sheet_20250923_100041_normalized.xlsx,Найдена
20,google_sheet_20250923_100121.xlsx,google_sheet_20250923_100121,,file://storage/excel_files/google_sheet_20250923_100121_normalized.xlsx,Найдена
21,google_sheet_20250923_151725.xlsx,google_sheet_20250923_151725,,file://storage/excel_files/google_sheet_20250923_151725_normalized.xlsx,Найдена
22,google_sheet_20250923_151729.xlsx,google_sheet_20250923_151729,,file://storage/excel_files/google_sheet_20250923_151729_normalized.xlsx,Найдена
23,google_sheet_20250923_151737.xlsx,google_sheet_20250923_151737,,file://storage/excel_files/google_sheet_20250923_151737_normalized.xlsx,Найдена
24,google_sheet_20250923_151800.xlsx,google_sheet_20250923_151800,,file://storage/excel_files/google_sheet_20250923_151800_normalized.xlsx,Найдена
25,google_sheet_20250923_151811.xlsx,google_sheet_20250923_151811,,file://storage/excel_files/google_sheet_20250923_151811_normalized.xlsx,Найдена
26,google_sheet_20250923_151819.xlsx,google_sheet_20250923_151819,,file://storage/excel_files/google_sheet_20250923_151819_normalized.xlsx,Найдена
27,google_sheet_20250923_151824.xlsx,google_sheet_20250923_151824,,file://storage/excel_files/google_sheet_20250923_151824_normalized.xlsx,Найдена
28,google_sheet_20250923_151834.xlsx,google_sheet_20250923_151834,,file://storage/excel_files/google_sheet_20250923_151834_normalized.xlsx,Найдена
29,google_sheet_20250923_151843.xlsx,google_sheet_20250923_151843,,file://storage/excel_files/google_sheet_20250923_151843_normalized.xlsx,Найдена
30,google_sheet_20250923_151856.xlsx,google_sheet_20250923_151856,,file://storage/excel_files/google_sheet_20250923_151856_normalized.xlsx,Найдена
31,google_sheet_20250923_151904.xlsx,google_sheet_20250923_151904,,file://storage/excel_files/google_sheet_20250923_151904_normalized.xlsx,Найдена
32,google_sheet_20250923_151915.xlsx,google_sheet_20250923_151915,,file://storage/excel_files/google_sheet_20250923_151915_normalized.xlsx,Найдена
33,google_sheet_20250923_151924.xlsx,google_sheet_20250923_151924,,file://storage/excel_files/google_sheet_20250923_151924_normalized.xlsx,Найдена
34,google_sheet_20250923_151933.xlsx,google_sheet_20250923_151933,,file://storage/excel_files/google_sheet_20250923_151933_normalized.xlsx,Найдена
35,google_sheet_20250923_151942.xlsx,google_sheet_20250923_151942,,file://storage/excel_files/google_sheet_20250923_151942_normalized.xlsx,Найдена
36,google_sheet_20250923_151947.xlsx,google_sheet_20250923_151947,,file://storage/excel_files/google_sheet_20250923_151947_normalized.xlsx,Найдена
37,google_sheet_20250923_151958.xlsx,google_sheet_20250923_151958,,file://storage/excel_files/google_sheet_20250923_151958_normalized.xlsx,Найдена
38,google_sheet_20250923_152008.xlsx,google_sheet_20250923_152008,,file://storage/excel_files/google_sheet_20250923_152008_normalized.xlsx,Найдена
39,google_sheet_20250923_152020.xlsx,google_sheet_20250923_152020,,file://storage/excel_files/google_sheet_20250923_152020_normalized.xlsx,Найдена
40,google_sheet_20250923_152032.xlsx,google_sheet_20250923_152032,,file://storage/excel_files/google_sheet_20250923_152032_normalized.xlsx,Найдена
41,google_sheet_20250923_152042.xlsx,google_sheet_20250923_152042,,file://storage/excel_files/google_sheet_20250923_152042_normalized.xlsx,Найдена
42,google_sheet_20250923_152058.xlsx,google_sheet_20250923_152058,,file://storage/excel_files/google_sheet_20250923_152058_normalized.xlsx,Найдена
43,google_sheet_20250923_152104.xlsx,google_sheet_20250923_152104,,file://storage/excel_files/google_sheet_20250923_152104_normalized.xlsx,Найдена
44,google_sheet_20250923_152114.xlsx,google_sheet_20250923_152114,,file://storage/excel_files/google_sheet_20250923_152114_normalized.xlsx,Найдена
45,google_sheet_20250923_152125.xlsx,google_sheet_20250923_152125,,file://storage/excel_files/google_sheet_20250923_152125_normalized.xlsx,Найдена
46,google_sheet_20250923_152134.xlsx,google_sheet_20250923_152134,,file://storage/excel_files/google_sheet_20250923_152134_normalized.xlsx,Найдена
47,google_sheet_20250923_152145.xlsx,google_sheet_20250923_152145,,file://storage/excel_files/google_sheet_20250923_152145_normalized.xlsx,Найдена
48,google_sheet_20250923_152516.xlsx,google_sheet_20250923_152516,,file://storage/excel_files/google_sheet_20250923_152516_normalized.xlsx,Найдена
49,google_sheet_20250923_152539.xlsx,google_sheet_20250923_152539,,file://storage/excel_files/google_sheet_20250923_152539_normalized.xlsx,Найдена
50,google_sheet_20250923_152550.xlsx,google_sheet_20250923_152550,,file://storage/excel_files/google_sheet_20250923_152550_normalized.xlsx,Найдена
51,google_sheet_20250923_152608.xlsx,google_sheet_20250923_152608,,file://storage/excel_files/google_sheet_20250923_152608_normalized.xlsx,Найдена
52,google_sheet_20250923_152623.xlsx,google_sheet_20250923_152623,,file://storage/excel_files/google_sheet_20250923_152623_normalized.xlsx,Найдена
53,google_sheet_20250923_152639.xlsx,google_sheet_20250923_152639,,file://storage/excel_files/google_sheet_20250923_152639_normalized.xlsx,Найдена
54,google_sheet_20250923_152655.xlsx,google_sheet_20250923_152655,,file://storage/excel_files/google_sheet_20250923_152655_normalized.xlsx,Найдена
55,google_sheet_20250923_152712.xlsx,google_sheet_20250923_152712,,file://storage/excel_files/google_sheet_20250923_152712_normalized.xlsx,Найдена
56,google_sheet_20250923_152731.xlsx,google_sheet_20250923_152731,,file://storage/excel_files/google_sheet_20250923_152731_normalized.xlsx,Найдена
57,google_sheet_20250923_152749.xlsx,google_sheet_20250923_152749,,file://storage/excel_files/google_sheet_20250923_152749_normalized.xlsx,Найдена
58,google_sheet_20250923_152807.xlsx,google_sheet_20250923_152807,,file://storage/excel_files/google_sheet_20250923_152807_normalized.xlsx,Найдена
59,google_sheet_20250923_152825.xlsx,google_sheet_20250923_152825,,file://storage/excel_files/google_sheet_20250923_152825_normalized.xlsx,Найдена
60,google_sheet_20250923_152844.xlsx,google_sheet_20250923_152844,,file://storage/excel_files/google_sheet_20250923_152844_normalized.xlsx,Найдена
61,google_sheet_20250923_152902.xlsx,google_sheet_20250923_152902,,file://storage/excel_files/google_sheet_20250923_152902_normalized.xlsx,Найдена
62,google_sheet_20250923_153031.xlsx,google_sheet_20250923_153031,,file://storage/excel_files/google_sheet_20250923_153031_normalized.xlsx,Найдена
63,google_sheet_20250923_153051.xlsx,google_sheet_20250923_153051,,file://storage/excel_files/google_sheet_20250923_153051_normalized.xlsx,Найдена
64,google_sheet_20250923_153522.xlsx,google_sheet_20250923_153522,,file://storage/excel_files/google_sheet_20250923_153522_normalized.xlsx,Найдена
65,google_sheet_20250923_153626.xlsx,google_sheet_20250923_153626,,file://storage/excel_files/google_sheet_20250923_153626_normalized.xlsx,Найдена
66,google_sheet_20250923_154121.xlsx,google_sheet_20250923_154121,,file://storage/excel_files/google_sheet_20250923_154121_normalized.xlsx,Найдена
67,google_sheet_20250923_154131.xlsx,google_sheet_20250923_154131,,file://storage/excel_files/google_sheet_20250923_154131_normalized.xlsx,Найдена
68,google_sheet_20250923_154154.xlsx,google_sheet_20250923_154154,,file://storage/excel_files/google_sheet_20250923_154154_normalized.xlsx,Найдена
69,google_sheet_20250923_154201.xlsx,google_sheet_20250923_154201,,file://storage/excel_files/google_sheet_20250923_154201_normalized.xlsx,Найдена
70,google_sheet_20250923_154219.xlsx,google_sheet_20250923_154219,,file://storage/excel_files/google_sheet_20250923_154219_normalized.xlsx,Найдена
71,google_sheet_20250923_154232.xlsx,google_sheet_20250923_154232,,file://storage/excel_files/google_sheet_20250923_154232_normalized.xlsx,Найдена
72,google_sheet_20250923_154246.xlsx,google_sheet_20250923_154246,,file://storage/excel_files/google_sheet_20250923_154246_normalized.xlsx,Найдена
73,google_sheet_20250923_154254.xlsx,google_sheet_20250923_154254,,file://storage/excel_files/google_sheet_20250923_154254_normalized.xlsx,Найдена
74,google_sheet_20250923_154306.xlsx,google_sheet_20250923_154306,,file://storage/excel_files/google_sheet_20250923_154306_normalized.xlsx,Найдена
75,google_sheet_20250923_154313.xlsx,google_sheet_20250923_154313,,file://storage/excel_files/google_sheet_20250923_154313_normalized.xlsx,Найдена
76,google_sheet_20250923_154325.xlsx,google_sheet_20250923_154325,,file://storage/excel_files/google_sheet_20250923_154325_normalized.xlsx,Найдена
77,google_sheet_20250923_154339.xlsx,google_sheet_20250923_154339,,file://storage/excel_files/google_sheet_20250923_154339_normalized.xlsx,Найдена
78,google_sheet_20250923_154349.xlsx,google_sheet_20250923_154349,,file://storage/excel_files/google_sheet_20250923_154349_normalized.xlsx,Найдена
79,google_sheet_20250923_154404.xlsx,google_sheet_20250923_154404,,file://storage/excel_files/google_sheet_20250923_154404_normalized.xlsx,Найдена
80,google_sheet_20250923_154510.xlsx,google_sheet_20250923_154510,,file://storage/excel_files/google_sheet_20250923_154510_normalized.xlsx,Найдена
81,google_sheet_20250923_154517.xlsx,google_sheet_20250923_154517,,file://storage/excel_files/google_sheet_20250923_154517_normalized.xlsx,Найдена
82,google_sheet_20250923_154527.xlsx,google_sheet_20250923_154527,,file://storage/excel_files/google_sheet_20250923_154527_normalized.xlsx,Найдена
83,google_sheet_20250923_154535.xlsx,google_sheet_20250923_154535,,file://storage/excel_files/google_sheet_20250923_154535_normalized.xlsx,Найдена
84,google_sheet_20250923_154544.xlsx,google_sheet_20250923_154544,,file://storage/excel_files/google_sheet_20250923_154544_normalized.xlsx,Найдена
85,google_sheet_20250923_154649.xlsx,google_sheet_20250923_154649,,file://storage/excel_files/google_sheet_20250923_154649_normalized.xlsx,Найдена
86,google_sheet_20250923_154658.xlsx,google_sheet_20250923_154658,,file://storage/excel_files/google_sheet_20250923_154658_normalized.xlsx,Найдена
87,google_sheet_20250923_154710.xlsx,google_sheet_20250923_154710,,file://storage/excel_files/google_sheet_20250923_154710_normalized.xlsx,Найдена
88,google_sheet_20250923_154721.xlsx,google_sheet_20250923_154721,,file://storage/excel_files/google_sheet_20250923_154721_normalized.xlsx,Найдена
89,google_sheet_20250923_154734.xlsx,google_sheet_20250923_154734,,file://storage/excel_files/google_sheet_20250923_154734_normalized.xlsx,Найдена
90,google_sheet_20250923_154748.xlsx,google_sheet_20250923_154748,,file://storage/excel_files/google_sheet_20250923_154748_normalized.xlsx,Найдена
91,google_sheet_20250923_Просчет-Межд_DSIR_Ruwaida__Брендированные_теннисны_1758711322.xlsx,google_sheet_20250923_Просчет-Межд_DSIR_Ruwaida__Брендированные_теннисны_1758711322,,file://storage/excel_files/google_sheet_20250923_Просчет-Межд_DSIR_Ruwaida__Брендированные_теннисны_1758711322_normalized.xlsx,Найдена
92,google_sheet_20250923_Просчет-Межд_DSIR_Ruwaida__Брендированные_теннисны_excel.xlsx,google_sheet_20250923_Просчет-Межд_DSIR_Ruwaida__Брендированные_теннисны_excel,,file://storage/excel_files/google_sheet_20250923_Просчет-Межд_DSIR_Ruwaida__Брендированные_теннисны_excel_normalized.xlsx,Найдена
93,google_sheet_20250923_Просчет-Межд_Gold_Apple__Мерч_на_продажу_1000-2000_1758711326.xlsx,google_sheet_20250923_Просчет-Межд_Gold_Apple__Мерч_на_продажу_1000-2000_1758711326,,file://storage/excel_files/google_sheet_20250923_Просчет-Межд_Gold_Apple__Мерч_на_продажу_1000-2000_1758711326_normalized.xlsx,Найдена
94,google_sheet_20250923_Просчет-Межд_Gold_Apple__Мерч_на_продажу_1000-2000_excel.xlsx,google_sheet_20250923_Просчет-Межд_Gold_Apple__Мерч_на_продажу_1000-2000_excel,,file://storage/excel_files/google_sheet_20250923_Просчет-Межд_Gold_Apple__Мерч_на_продажу_1000-2000_excel_normalized.xlsx,Найдена
95,google_sheet_20250923_Просчет-Межд_Gold_Apple__Стикеры_120тыс_шт_27-05-2_1758711329.xlsx,google_sheet_20250923_Просчет-Межд_Gold_Apple__Стикеры_120тыс_шт_27-05-2_1758711329,,,Не найдена
96,google_sheet_20250923_Просчет-Межд_Gold_Apple__Стикеры_120тыс_шт_27-05-2_csv.xlsx,google_sheet_20250923_Просчет-Межд_Gold_Apple__Стикеры_120тыс_шт_27-05-2_csv,,file://storage/excel_files/google_sheet_20250923_Просчет-Межд_Gold_Apple__Стикеры_120тыс_шт_27-05-2_csv_normalized.xlsx,Найдена
97,google_sheet_20250923_Просчет-Межд_Gold_Apple__Стикеры_120тыс_шт_27-05-2_excel.xlsx,google_sheet_20250923_Просчет-Межд_Gold_Apple__Стикеры_120тыс_шт_27-05-2_excel,,,Не найдена
98,google_sheet_20250923_Просчет-Межд_Zamna_Group__Веер_-_5000_шт_30-04-202_1758711332.xlsx,google_sheet_20250923_Просчет-Межд_Zamna_Group__Веер_-_5000_шт_30-04-202_1758711332,,file://storage/excel_files/google_sheet_20250923_Просчет-Межд_Zamna_Group__Веер_-_5000_шт_30-04-202_1758711332_normalized.xlsx,Найдена
99,google_sheet_20250923_Просчет-Межд_Zamna_Group__Веер_-_5000_шт_30-04-202_excel.xlsx,google_sheet_20250923_Просчет-Межд_Zamna_Group__Веер_-_5000_шт_30-04-202_excel,,file://storage/excel_files/google_sheet_20250923_Просчет-Межд_Zamna_Group__Веер_-_5000_шт_30-04-202_excel_normalized.xlsx,Найдена
100,google_sheet_20250923_Просчет-ОАЭ_BHM_Capital__Подарки_партнерам_6_катег_1758711334.xlsx,google_sheet_20250923_Просчет-ОАЭ_BHM_Capital__Подарки_партнерам_6_катег_1758711334,,,Не найдена
101,google_sheet_20250923_Просчет-ОАЭ_BHM_Capital__Подарки_партнерам_6_катег_csv.xlsx,google_sheet_20250923_Просчет-ОАЭ_BHM_Capital__Подарки_партнерам_6_катег_csv,,file://storage/excel_files/google_sheet_20250923_Просчет-ОАЭ_BHM_Capital__Подарки_партнерам_6_катег_csv_normalized.xlsx,Найдена
102,google_sheet_20250923_Просчет-ОАЭ_BHM_Capital__Подарки_партнерам_6_катег_excel.xlsx,google_sheet_20250923_Просчет-ОАЭ_BHM_Capital__Подарки_партнерам_6_катег_excel,,,Не найдена
103,google_sheet_20250923_Просчет-ОАЭ_Burjeel_Holdings_Saheer__Бутылки_и_кер_1758711337.xlsx,google_sheet_20250923_Просчет-ОАЭ_Burjeel_Holdings_Saheer__Бутылки_и_кер_1758711337,,,Не найдена
104,google_sheet_20250923_Просчет-ОАЭ_Burjeel_Holdings_Saheer__Бутылки_и_кер_csv.xlsx,google_sheet_20250923_Просчет-ОАЭ_Burjeel_Holdings_Saheer__Бутылки_и_кер_csv,,file://storage/excel_files/google_sheet_20250923_Просчет-ОАЭ_Burjeel_Holdings_Saheer__Бутылки_и_кер_csv_normalized.xlsx,Найдена
105,google_sheet_20250923_Просчет-ОАЭ_Burjeel_Holdings_Saheer__Бутылки_и_кер_excel.xlsx,google_sheet_20250923_Просчет-ОАЭ_Burjeel_Holdings_Saheer__Бутылки_и_кер_excel,,,Не найдена
106,google_sheet_20250923_Просчет-ОАЭ_Elation_Avenue_Joanna__Пляжные_товары__1758711339.xlsx,google_sheet_20250923_Просчет-ОАЭ_Elation_Avenue_Joanna__Пляжные_товары__1758711339,,,Не найдена
107,google_sheet_20250923_Просчет-ОАЭ_Elation_Avenue_Joanna__Пляжные_товары__csv.xlsx,google_sheet_20250923_Просчет-ОАЭ_Elation_Avenue_Joanna__Пляжные_товары__csv,,file://storage/excel_files/google_sheet_20250923_Просчет-ОАЭ_Elation_Avenue_Joanna__Пляжные_товары__csv_normalized.xlsx,Найдена
108,google_sheet_20250923_Просчет-ОАЭ_Elation_Avenue_Joanna__Пляжные_товары__excel.xlsx,google_sheet_20250923_Просчет-ОАЭ_Elation_Avenue_Joanna__Пляжные_товары__excel,,,Не найдена
109,google_sheet_20250923_Просчет-ОАЭ_Elite_Group_Holding_LTD__Мерч_для_парт_1758711342.xlsx,google_sheet_20250923_Просчет-ОАЭ_Elite_Group_Holding_LTD__Мерч_для_парт_1758711342,,,Не найдена
110,google_sheet_20250923_Просчет-ОАЭ_Elite_Group_Holding_LTD__Мерч_для_парт_csv.xlsx,google_sheet_20250923_Просчет-ОАЭ_Elite_Group_Holding_LTD__Мерч_для_парт_csv,,file://storage/excel_files/google_sheet_20250923_Просчет-ОАЭ_Elite_Group_Holding_LTD__Мерч_для_парт_csv_normalized.xlsx,Найдена
111,google_sheet_20250923_Просчет-ОАЭ_Elite_Group_Holding_LTD__Мерч_для_парт_excel.xlsx,google_sheet_20250923_Просчет-ОАЭ_Elite_Group_Holding_LTD__Мерч_для_парт_excel,,,Не найдена
112,google_sheet_20250923_Просчет-ОАЭ_Elite_Group_Holding_LTD__Флешка_225_шт_1758711345.xlsx,google_sheet_20250923_Просчет-ОАЭ_Elite_Group_Holding_LTD__Флешка_225_шт_1758711345,,file://storage/excel_files/google_sheet_20250923_Просчет-ОАЭ_Elite_Group_Holding_LTD__Флешка_225_шт_1758711345_normalized.xlsx,Найдена
113,google_sheet_20250923_Просчет-ОАЭ_Elite_Group_Holding_LTD__Флешка_225_шт_excel.xlsx,google_sheet_20250923_Просчет-ОАЭ_Elite_Group_Holding_LTD__Флешка_225_шт_excel,,file://storage/excel_files/google_sheet_20250923_Просчет-ОАЭ_Elite_Group_Holding_LTD__Флешка_225_шт_excel_normalized.xlsx,Найдена
114,google_sheet_20250923_Просчет-ОАЭ_Elite_Merit_Real_Estate__Брелок_и_сумк_1758711349.xlsx,google_sheet_20250923_Просчет-ОАЭ_Elite_Merit_Real_Estate__Брелок_и_сумк_1758711349,,file://storage/excel_files/google_sheet_20250923_Просчет-ОАЭ_Elite_Merit_Real_Estate__Брелок_и_сумк_1758711349_normalized.xlsx,Найдена
115,google_sheet_20250923_Просчет-ОАЭ_Elite_Merit_Real_Estate__Брелок_и_сумк_excel.xlsx,google_sheet_20250923_Просчет-ОАЭ_Elite_Merit_Real_Estate__Брелок_и_сумк_excel,,file://storage/excel_files/google_sheet_20250923_Просчет-ОАЭ_Elite_Merit_Real_Estate__Брелок_и_сумк_excel_normalized.xlsx,Найдена
116,google_sheet_20250923_Просчет-ОАЭ_Elite_Merit_Real_Estate__Ежедневники_2_1758711351.xlsx,google_sheet_20250923_Просчет-ОАЭ_Elite_Merit_Real_Estate__Ежедневники_2_1758711351,,file://storage/excel_files/google_sheet_20250923_Просчет-ОАЭ_Elite_Merit_Real_Estate__Ежедневники_2_1758711351_normalized.xlsx,Найдена
117,google_sheet_20250923_Просчет-ОАЭ_Elite_Merit_Real_Estate__Ежедневники_2_excel.xlsx,google_sheet_20250923_Просчет-ОАЭ_Elite_Merit_Real_Estate__Ежедневники_2_excel,,file://storage/excel_files/google_sheet_20250923_Просчет-ОАЭ_Elite_Merit_Real_Estate__Ежедневники_2_excel_normalized.xlsx,Найдена
118,google_sheet_20250923_Просчет-ОАЭ_Gold_Apple__Пакеты_40000-3000000шт_06-_1758711353.xlsx,google_sheet_20250923_Просчет-ОАЭ_Gold_Apple__Пакеты_40000-3000000шт_06-_1758711353,,file://storage/excel_files/google_sheet_20250923_Просчет-ОАЭ_Gold_Apple__Пакеты_40000-3000000шт_06-_1758711353_normalized.xlsx,Найдена
119,google_sheet_20250923_Просчет-ОАЭ_Gold_Apple__Пакеты_40000-3000000шт_06-_excel.xlsx,google_sheet_20250923_Просчет-ОАЭ_Gold_Apple__Пакеты_40000-3000000шт_06-_excel,,file://storage/excel_files/google_sheet_20250923_Просчет-ОАЭ_Gold_Apple__Пакеты_40000-3000000шт_06-_excel_normalized.xlsx,Найдена
120,google_sheet_20250923_Просчет-ОАЭ_ISD_-_футбольный_клуб__Мерч_3_категори_1758711355.xlsx,google_sheet_20250923_Просчет-ОАЭ_ISD_-_футбольный_клуб__Мерч_3_категори_1758711355,,file://storage/excel_files/google_sheet_20250923_Просчет-ОАЭ_ISD_-_футбольный_клуб__Мерч_3_категори_1758711355_normalized.xlsx,Найдена
121,google_sheet_20250923_Просчет-ОАЭ_ISD_-_футбольный_клуб__Мерч_3_категори_excel.xlsx,google_sheet_20250923_Просчет-ОАЭ_ISD_-_футбольный_клуб__Мерч_3_категори_excel,,file://storage/excel_files/google_sheet_20250923_Просчет-ОАЭ_ISD_-_футбольный_клуб__Мерч_3_категори_excel_normalized.xlsx,Найдена
122,google_sheet_20250923_Просчет-ОАЭ_Media_Makers__Таблетницы_100тыс_шт_21-_1758711357.xlsx,google_sheet_20250923_Просчет-ОАЭ_Media_Makers__Таблетницы_100тыс_шт_21-_1758711357,,file://storage/excel_files/google_sheet_20250923_Просчет-ОАЭ_Media_Makers__Таблетницы_100тыс_шт_21-_1758711357_normalized.xlsx,Найдена
123,google_sheet_20250923_Просчет-ОАЭ_Media_Makers__Таблетницы_100тыс_шт_21-_excel.xlsx,google_sheet_20250923_Просчет-ОАЭ_Media_Makers__Таблетницы_100тыс_шт_21-_excel,,file://storage/excel_files/google_sheet_20250923_Просчет-ОАЭ_Media_Makers__Таблетницы_100тыс_шт_21-_excel_normalized.xlsx,Найдена
124,google_sheet_20250923_Просчет-ОАЭ_Miriyam_Skin_Care__500шт_мягких_игруше_1758711360.xlsx,google_sheet_20250923_Просчет-ОАЭ_Miriyam_Skin_Care__500шт_мягких_игруше_1758711360,,file://storage/excel_files/google_sheet_20250923_Просчет-ОАЭ_Miriyam_Skin_Care__500шт_мягких_игруше_1758711360_normalized.xlsx,Найдена
125,google_sheet_20250923_Просчет-ОАЭ_Miriyam_Skin_Care__500шт_мягких_игруше_excel.xlsx,google_sheet_20250923_Просчет-ОАЭ_Miriyam_Skin_Care__500шт_мягких_игруше_excel,,file://storage/excel_files/google_sheet_20250923_Просчет-ОАЭ_Miriyam_Skin_Care__500шт_мягких_игруше_excel_normalized.xlsx,Найдена
126,google_sheet_20250923_Просчет-ОАЭ_Ольга_Group_IB__Коробочки_под_значки_-_1758711363.xlsx,google_sheet_20250923_Просчет-ОАЭ_Ольга_Group_IB__Коробочки_под_значки_-_1758711363,,file://storage/excel_files/google_sheet_20250923_Просчет-ОАЭ_Ольга_Group_IB__Коробочки_под_значки_-_1758711363_normalized.xlsx,Найдена
127,google_sheet_20250923_Просчет-ОАЭ_Ольга_Group_IB__Коробочки_под_значки_-_excel.xlsx,google_sheet_20250923_Просчет-ОАЭ_Ольга_Group_IB__Коробочки_под_значки_-_excel,,file://storage/excel_files/google_sheet_20250923_Просчет-ОАЭ_Ольга_Group_IB__Коробочки_под_значки_-_excel_normalized.xlsx,Найдена
128,google_sheet_20250923_Просчет-РФ_79779040266__Рюкзак_для_пикника_с_холод_1758711369.xlsx,google_sheet_20250923_Просчет-РФ_79779040266__Рюкзак_для_пикника_с_холод_1758711369,,file://storage/excel_files/google_sheet_20250923_Просчет-РФ_79779040266__Рюкзак_для_пикника_с_холод_1758711369_normalized.xlsx,Найдена
129,google_sheet_20250923_Просчет-РФ_79779040266__Рюкзак_для_пикника_с_холод_excel.xlsx,google_sheet_20250923_Просчет-РФ_79779040266__Рюкзак_для_пикника_с_холод_excel,,file://storage/excel_files/google_sheet_20250923_Просчет-РФ_79779040266__Рюкзак_для_пикника_с_холод_excel_normalized.xlsx,Найдена
130,google_sheet_20250923_Просчет-РФ_83285_ЛК_Автомобильная_коллекция_4кварт_1758711367.xlsx,google_sheet_20250923_Просчет-РФ_83285_ЛК_Автомобильная_коллекция_4кварт_1758711367,,,Не найдена
131,google_sheet_20250923_Просчет-РФ_83285_ЛК_Автомобильная_коллекция_4кварт_csv.xlsx,google_sheet_20250923_Просчет-РФ_83285_ЛК_Автомобильная_коллекция_4кварт_csv,,file://storage/excel_files/google_sheet_20250923_Просчет-РФ_83285_ЛК_Автомобильная_коллекция_4кварт_csv_normalized.xlsx,Найдена
132,google_sheet_20250923_Просчет-РФ_83285_ЛК_Автомобильная_коллекция_4кварт_excel.xlsx,google_sheet_20250923_Просчет-РФ_83285_ЛК_Автомобильная_коллекция_4кварт_excel,,,Не найдена
133,google_sheet_20250923_Просчет-РФ_FW_Игра_Дженга_-_2_вариант_посчитать_-__1758711372.xlsx,google_sheet_20250923_Просчет-РФ_FW_Игра_Дженга_-_2_вариант_посчитать_-__1758711372,,file://storage/excel_files/google_sheet_20250923_Просчет-РФ_FW_Игра_Дженга_-_2_вариант_посчитать_-__1758711372_normalized.xlsx,Найдена
134,google_sheet_20250923_Просчет-РФ_FW_Игра_Дженга_-_2_вариант_посчитать_-__excel.xlsx,google_sheet_20250923_Просчет-РФ_FW_Игра_Дженга_-_2_вариант_посчитать_-__excel,,file://storage/excel_files/google_sheet_20250923_Просчет-РФ_FW_Игра_Дженга_-_2_вариант_посчитать_-__excel_normalized.xlsx,Найдена
135,google_sheet_20250923_Просчет-РФ_FW_Подставка_для_ноутбука_и_планшета_Sc_excel.xlsx,google_sheet_20250923_Просчет-РФ_FW_Подставка_для_ноутбука_и_планшета_Sc_excel,,file://storage/excel_files/google_sheet_20250923_Просчет-РФ_FW_Подставка_для_ноутбука_и_планшета_Sc_excel_normalized.xlsx,Найдена
136,original_sheet.xlsx,original_sheet,,https://docs.google.com/spreadsheets/d/original_sheet,Найдена
137,sheet_1-5pUbx__1758278401.xlsx,sheet_1-5pUbx__1758278401,,https://docs.google.com/spreadsheets/d/sheet_1-5pUbx__1758278401,Найдена
138,sheet_12fQQJFP_1758278191.xlsx,sheet_12fQQJFP_1758278191,,https://docs.google.com/spreadsheets/d/sheet_12fQQJFP_1758278191,Найдена
139,sheet_15ipEk2j_1758278196.xlsx,sheet_15ipEk2j_1758278196,,https://docs.google.com/spreadsheets/d/sheet_15ipEk2j_1758278196,Найдена
140,sheet_17MYSsxo_public.xlsx,sheet_17MYSsxo_public,,https://docs.google.com/spreadsheets/d/sheet_17MYSsxo_public,Найдена
141,sheet_18M6bs8k_1758278363.xlsx,sheet_18M6bs8k_1758278363,,https://docs.google.com/spreadsheets/d/sheet_18M6bs8k_1758278363,Найдена
142,sheet_18cySstG_1758278370.xlsx,sheet_18cySstG_1758278370,,https://docs.google.com/spreadsheets/d/sheet_18cySstG_1758278370,Найдена
143,sheet_1CZAC0TA_1758278189.xlsx,sheet_1CZAC0TA_1758278189,,https://docs.google.com/spreadsheets/d/sheet_1CZAC0TA_1758278189,Найдена
144,sheet_1FHHpsQJ_public.xlsx,sheet_1FHHpsQJ_public,,https://docs.google.com/spreadsheets/d/sheet_1FHHpsQJ_public,Найдена
145,sheet_1FIAT6ri_1758278199.xlsx,sheet_1FIAT6ri_1758278199,,https://docs.google.com/spreadsheets/d/sheet_1FIAT6ri_1758278199,Найдена
146,sheet_1L4XSR4k_1758278208.xlsx,sheet_1L4XSR4k_1758278208,,https://docs.google.com/spreadsheets/d/sheet_1L4XSR4k_1758278208,Найдена
147,sheet_1OBjfVrv_1758278376.xlsx,sheet_1OBjfVrv_1758278376,,https://docs.google.com/spreadsheets/d/sheet_1OBjfVrv_1758278376,Найдена
148,sheet_1OlOPoua_1758278186.xlsx,sheet_1OlOPoua_1758278186,,https://docs.google.com/spreadsheets/d/sheet_1OlOPoua_1758278186,Найдена
149,sheet_1SD3YfSQ_public.xlsx,sheet_1SD3YfSQ_public,,https://docs.google.com/spreadsheets/d/sheet_1SD3YfSQ_public,Найдена
150,sheet_1WmKw-t2_1758278219.xlsx,sheet_1WmKw-t2_1758278219,,https://docs.google.com/spreadsheets/d/sheet_1WmKw-t2_1758278219,Найдена
151,sheet_1actsAoD_1758278181.xlsx,sheet_1actsAoD_1758278181,,https://docs.google.com/spreadsheets/d/sheet_1actsAoD_1758278181,Найдена
152,sheet_1czLDW19_1758278202.xlsx,sheet_1czLDW19_1758278202,,https://docs.google.com/spreadsheets/d/sheet_1czLDW19_1758278202,Найдена
153,sheet_1nav9w2d_public.xlsx,sheet_1nav9w2d_public,,https://docs.google.com/spreadsheets/d/sheet_1nav9w2d_public,Найдена
154,sheet_1onAKPl5_1758278373.xlsx,sheet_1onAKPl5_1758278373,,https://docs.google.com/spreadsheets/d/sheet_1onAKPl5_1758278373,Найдена
155,sheet_1qkWtnDW_1758278205.xlsx,sheet_1qkWtnDW_1758278205,,https://docs.google.com/spreadsheets/d/sheet_1qkWtnDW_1758278205,Найдена
156,test_multiple_quantities.xlsx,test_multiple_quantities,,file://storage/excel_files/test_multiple_quantities_normalized.xlsx,Найдена
157,Вторая таблица_1757933504.xlsx,Вторая таблица_1757933504,,https://docs.google.com/spreadsheets/d/Вторая таблица_1757933504,Найдена
158,Мерч для Sense_1758096973.xlsx,Мерч для Sense_1758096973,,https://docs.google.com/spreadsheets/d/Мерч для Sense_1758096973,Найдена
